,id,password,gender,age,name,surname,doctortc,doctorname,doctorsurname
0,[18575902863],[622240],MALE,[28],MEMİDİK,ÇOMUT,[27239790155],NAİMEE,ESEN
1,[38067646152],[217867],MALE,[66],ASROR,ULUSOY,[27239790155],NAİMEE,ESEN
2,[45534317096],[750898],MALE,[74],NÜSRET,AZAK,[87544296898],ŞEYDEGÜL,BALLI
3,[48142142564],[987571],MALE,[72],ERSAVAŞ,ÇİLDİR,[85317912160],SEFURİYE,ORHAN
4,[33442492607],[663466],MALE,[49],SENAF,KILIÇCIOĞLU,[52754891914],ŞİDANİ,İNER KÖKSAL
5,[12539045077],[926087],MALE,[68],HAMPAR,İLBAY,[70818556531],EYYİP,SUNGAR
6,[61281952670],[495410],MALE,[65],M.EMİN,SEYREK,[58231004649],KICEY,TURGUT
7,[14727520323],[224045],MALE,[68],ATALİ,ZENGİN,[58231004649],KICEY,TURGUT
8,[40599475780],[924750],MALE,[70],NEZAKİ,SÖZER,[75963590692],NÜRSEMAN,HOŞER
9,[96371054821],[411902],MALE,[44],ARKUL,GÖRMELİ,[93249538144],FATMABANİ,OĞUZ
10,[69065778969],[669686],MALE,[48],EVZEL,ONAT,[48334014215],SADURET,ÇELİKTEN
11,[86975299609],[432742],MALE,[45],İFRAZ,KIZILTEPE,[88318643259],MEDİHHA,DADLI
12,[18821827690],[482628],MALE,[57],ŞENAKİ,CAF,[93249538144],FATMABANİ,OĞUZ
13,[24166752022],[190266],MALE,[29],APDUSSAMED,PİRİ,[48334014215],SADURET,ÇELİKTEN
14,[48278510594],[740597],MALE,[78],MUSAMETDİN,SUCAK,[16434230806],HASEN,AKTAŞ
15,[93852575827],[400412],MALE,[28],GÖVAY,DİNLER,[75947312415],NUKAY,KILIÇOĞLU
16,[26021821625],[704719],MALE,[32],MUKDETTİN,GÜVEN,[48334014215],SADURET,ÇELİKTEN
17,[93965129109],[933011],MALE,[43],BÜMİN,PAKSOY,[27239790155],NAİMEE,ESEN
18,[89245282889],[314137],MALE,[22],AYTUT,HIDIROĞLU,[75963590692],NÜRSEMAN,HOŞER
19,[63410018958],[636525],MALE,[54],ABDULFERZ,ÇETİNKAYA,[93249538144],FATMABANİ,OĞUZ
20,[63392719213],[673152],MALE,[43],FERAZİ,BAYAR,[70818556531],EYYİP,SUNGAR
21,[47651047167],[221270],MALE,[61],AHRUN,ISSI,[64261343732],MEHMETSİTTİK,YAKUT
22,[26481651997],[251261],MALE,[73],AYSE,NUHVEREN,[27239790155],NAİMEE,ESEN
23,[85347457231],[544890],MALE,[37],ZERAF,SUSAM,[97575984096],GÜNBAY,AKTAN
24,[41701315530],[339192],MALE,[27],EŞO,KUNAK,[52754891914],ŞİDANİ,İNER KÖKSAL
25,[14798706150],[631701],MALE,[55],ALİSERHAT,ÇETİNER,[58231004649],KICEY,TURGUT
26,[27489111925],[719310],MALE,[68],HAMDAN,İNCEOĞLU,[67654134959],İKLİMİ,KEŞKEK
27,[81187080841],[620272],MALE,[39],RECAHİL,NASIROĞLU,[48334014215],SADURET,ÇELİKTEN
28,[16815237536],[274582],MALE,[49],HABBUP,GEYİK,[93249538144],FATMABANİ,OĞUZ
29,[69448400576],[777493],MALE,[25],SEYİDİHAN,DURÇ ÖZTÜRK,[97575984096],GÜNBAY,AKTAN
30,[57162358070],[308679],MALE,[20],ŞEFAEDDİN,EMRE,[16434230806],HASEN,AKTAŞ
31,[95968387530],[466940],MALE,[53],BÜNYALİ,AKKAŞ,[78020110113],SABAHİLDİN,CERAN
32,[28900949786],[509714],MALE,[44],VAZİFETTİN,GÜREL,[75963590692],NÜRSEMAN,HOŞER
33,[26832747019],[640115],MALE,[76],KARAALİ,TEMEL,[66350169105],MÜZELFE,ÇINKIR
34,[20431324665],[321384],MALE,[43],FERĞAMİL,YAKKAN,[97575984096],GÜNBAY,AKTAN
35,[79703580601],[475993],MALE,[44],SÜEN,SULTANOĞLU,[93249538144],FATMABANİ,OĞUZ
36,[13752797056],[562808],MALE,[55],BEÇEREN,NART,[48334014215],SADURET,ÇELİKTEN
37,[23468509333],[989764],MALE,[25],GÜNPAR,ARAS,[64261343732],MEHMETSİTTİK,YAKUT
38,[79119689637],[225422],MALE,[43],ŞAHLAN,AVCU,[87544296898],ŞEYDEGÜL,BALLI
39,[78783410322],[932285],MALE,[55],FÜRĞAN,EREL,[27239790155],NAİMEE,ESEN
40,[84926969342],[929575],MALE,[18],JÜBERKAN,BÖLÜKBAŞ,[70818556531],EYYİP,SUNGAR
41,[66000981796],[202294],MALE,[65],SEVİNCİ,SUBARİ,[87544296898],ŞEYDEGÜL,BALLI
42,[87328986889],[628064],MALE,[76],MÜNİR,TÜRKYILMAZ,[64261343732],MEHMETSİTTİK,YAKUT
43,[59630970611],[740127],MALE,[36],RUHİNUR,CANTAY,[27239790155],NAİMEE,ESEN
44,[95668543480],[366175],MALE,[63],TIMUÇİN,TOKTAŞ,[64261343732],MEHMETSİTTİK,YAKUT
45,[83240964927],[660417],MALE,[36],ÖZGÜROL,BAŞARGAN,[93249538144],FATMABANİ,OĞUZ
46,[69704755604],[460174],MALE,[63],TEFIKOV,ÖZSAYGILI,[87544296898],ŞEYDEGÜL,BALLI
47,[38442141243],[450020],MALE,[67],BAHTENUR,DUYSAK,[87544296898],ŞEYDEGÜL,BALLI
48,[52010699690],[486411],MALE,[79],HÜRDİLAVER,LEYMUNÇİÇEĞİ,[93249538144],FATMABANİ,OĞUZ
49,[41429767079],[745119],MALE,[66],ERŞEN,TİMURTAŞ DAYAR,[27239790155],NAİMEE,ESEN
50,[42999243392],[192207],MALE,[46],SELİM,DİLLİ,[88318643259],MEDİHHA,DADLI
51,[89406836540],[442712],MALE,[62],ZÜLKANİ,KİREÇÇİ,[64261343732],MEHMETSİTTİK,YAKUT
52,[13043555459],[820358],MALE,[54],MÜLYAMİN,KIRLI,[85317912160],SEFURİYE,ORHAN
53,[65478333117],[750922],MALE,[28],SECRİ,CANDEMİR,[78020110113],SABAHİLDİN,CERAN
54,[26345148580],[892274],MALE,[71],ÖRGIN,KUMRAL,[87386471124],SEHRENAZ,DEMİRDAĞ
55,[54722857497],[280227],MALE,[35],MELA,AZAR,[85317912160],SEFURİYE,ORHAN
56,[49627706113],[904056],MALE,[70],ELFATİ,KIRAÇ,[93249538144],FATMABANİ,OĞUZ
57,[82308026594],[656649],MALE,[74],MUCİP,BAŞYİĞİT,[58231004649],KICEY,TURGUT
58,[90948444225],[957132],MALE,[27],MÜSEVVİT,AKDEMİR,[48334014215],SADURET,ÇELİKTEN
59,[73744853485],[338181],MALE,[20],ERBAYI,ARGON,[64261343732],MEHMETSİTTİK,YAKUT
60,[54827263125],[147918],MALE,[40],MİRSUYAF,BAL,[93249538144],FATMABANİ,OĞUZ
61,[94320552478],[423864],MALE,[49],İLMEDDİN,ÜZÜM,[78020110113],SABAHİLDİN,CERAN
62,[37645329893],[626455],MALE,[37],KAYUK,ÇOKER,[64261343732],MEHMETSİTTİK,YAKUT
63,[75917942363],[114374],MALE,[47],MİHRİ,KERİMOĞLU,[87386471124],SEHRENAZ,DEMİRDAĞ
64,[26235378013],[569584],MALE,[76],MUHAMBER,BİNNETOĞLU,[93249538144],FATMABANİ,OĞUZ
65,[71463902500],[761909],MALE,[38],BOYRAZOĞLU,ÇİMEN,[78020110113],SABAHİLDİN,CERAN
66,[39786076158],[612472],MALE,[52],HARALD,BAHÇEBAŞI,[93249538144],FATMABANİ,OĞUZ
67,[96625395123],[314349],MALE,[55],GUTRET,HÜSEYİNOĞLU,[75947312415],NUKAY,KILIÇOĞLU
68,[91010989372],[789914],MALE,[24],İSABİ,SUSAM,[75963590692],NÜRSEMAN,HOŞER
69,[83161537528],[417639],MALE,[23],GUDRED,ERASLAN,[67654134959],İKLİMİ,KEŞKEK
70,[62753030415],[207186],MALE,[61],EMİ,ÖZDEMİR AKDUR,[58231004649],KICEY,TURGUT
71,[56146592704],[855971],MALE,[71],ENABİR,KÜÇÜKÖZKAN,[52754891914],ŞİDANİ,İNER KÖKSAL
72,[27133823124],[996867],MALE,[40],ONUN,YENİGÜN,[93249538144],FATMABANİ,OĞUZ
73,[44786218720],[762485],MALE,[65],SAKİNE,NURLU,[70818556531],EYYİP,SUNGAR
74,[13558388640],[497083],MALE,[67],BESCİR,DEMİRELLİ,[87544296898],ŞEYDEGÜL,BALLI
75,[92940069820],[221282],MALE,[62],VERAH,TURAÇ,[48334014215],SADURET,ÇELİKTEN
76,[68321508233],[940581],MALE,[33],ABDULLAFİ,OLCAR,[16434230806],HASEN,AKTAŞ
77,[77353808526],[746840],MALE,[58],RIVKET,ÇATAK,[75963590692],NÜRSEMAN,HOŞER
78,[21620469939],[355429],MALE,[64],NEHAYTİN,MENTEŞ,[85317912160],SEFURİYE,ORHAN
79,[24390362207],[973463],MALE,[35],SAFEDİN,GÖNCÜ,[66350169105],MÜZELFE,ÇINKIR
80,[31109085824],[453824],MALE,[23],HANENO,ÇANKAYA,[87386471124],SEHRENAZ,DEMİRDAĞ
81,[33260828362],[899499],MALE,[78],MUDESSİM,SERVET,[26125073818],KEVORG,KURTPINAR
82,[96170861608],[801446],MALE,[51],MUSAY,BAĞ,[58231004649],KICEY,TURGUT
83,[66188561744],[923623],MALE,[33],DALİPOVSKİ,LAĞARLI,[66350169105],MÜZELFE,ÇINKIR
84,[77659555419],[358350],MALE,[52],OSMANNURİ,AKASLAN,[58231004649],KICEY,TURGUT
85,[13284862115],[490300],MALE,[58],KÜVEYS,EKEN,[88318643259],MEDİHHA,DADLI
86,[66318641356],[603629],MALE,[49],GÖGAY,SÜNER,[16434230806],HASEN,AKTAŞ
87,[28908264183],[288748],MALE,[38],APTULMUHTELİP,KEKLİKÇİOĞLU,[26125073818],KEVORG,KURTPINAR
88,[89102603761],[338552],MALE,[40],M.ERCAN,AKSUN,[78020110113],SABAHİLDİN,CERAN
89,[13403052485],[777349],MALE,[78],HÜSİBEY,BATGİ AZARKAN,[58231004649],KICEY,TURGUT
90,[93121005434],[324286],MALE,[72],MENNAH,GÜNYEL,[87544296898],ŞEYDEGÜL,BALLI
91,[63524538330],[205139],MALE,[65],ABDULCENAP,AKYÜREK,[58231004649],KICEY,TURGUT
92,[91835919203],[848620],MALE,[57],TEMU,KARAKURT,[64261343732],MEHMETSİTTİK,YAKUT
93,[14808831777],[389508],MALE,[24],GIYASADDİN,AKIN,[27239790155],NAİMEE,ESEN
94,[14612672386],[122569],MALE,[70],MÜDAVET,AVCU,[52754891914],ŞİDANİ,İNER KÖKSAL
95,[63490335967],[650147],MALE,[50],LEVENTİN,GÖDE,[93249538144],FATMABANİ,OĞUZ
96,[36120215052],[780876],MALE,[24],NEDZHIP,BEDER,[70818556531],EYYİP,SUNGAR
97,[55728449584],[153317],MALE,[68],MEDEİN,OKULU,[27239790155],NAİMEE,ESEN
98,[66433338553],[351951],MALE,[62],ÜŞÜREF,TUNCAY,[16434230806],HASEN,AKTAŞ
99,[15676618606],[996160],MALE,[31],SEVENAL,TEKER,[87386471124],SEHRENAZ,DEMİRDAĞ
100,[95416269733],[278028],MALE,[32],BUHTİ,AKSU,[78020110113],SABAHİLDİN,CERAN
101,[69051390031],[360565],MALE,[36],FRİEDRİCH,KULAK GEDİK,[27239790155],NAİMEE,ESEN
102,[49858518738],[480933],MALE,[78],VEYSALİ,İMALI,[97575984096],GÜNBAY,AKTAN
103,[64821735152],[248488],MALE,[76],YÜMNÜHAN,CANDEMİR,[87544296898],ŞEYDEGÜL,BALLI
104,[51165286466],[949759],MALE,[31],OYGUR,FİŞEKCİ,[87544296898],ŞEYDEGÜL,BALLI
105,[42027735199],[881041],MALE,[27],MİRZABEY,TAŞMALI,[87544296898],ŞEYDEGÜL,BALLI
106,[64008961016],[875963],MALE,[20],HAKARİ,NAR,[64261343732],MEHMETSİTTİK,YAKUT
107,[62100575938],[536955],MALE,[64],EVZA,ULUBA,[48334014215],SADURET,ÇELİKTEN
108,[56380188832],[752466],MALE,[37],HİSBET,ŞAHAN,[88318643259],MEDİHHA,DADLI
109,[50440122778],[750028],MALE,[44],ŞEHMUT,ONAY,[75947312415],NUKAY,KILIÇOĞLU
110,[85016501085],[413805],MALE,[25],ERCİAT,ATİLA,[66350169105],MÜZELFE,ÇINKIR
111,[70894949299],[622894],MALE,[78],NURİDEDE,DEMİRCAN,[27239790155],NAİMEE,ESEN
112,[44041811059],[677837],MALE,[65],ERTUĞNRUL,KÜTÜKOĞLU,[87544296898],ŞEYDEGÜL,BALLI
113,[24616562977],[502523],MALE,[35],NECNUR,YİĞİT,[75947312415],NUKAY,KILIÇOĞLU
114,[25889665057],[107149],MALE,[72],SEVİ,ÖZBEK,[97575984096],GÜNBAY,AKTAN
115,[13903839583],[388467],MALE,[41],HEZGİN,YARADILMIŞ,[66350169105],MÜZELFE,ÇINKIR
116,[23917905763],[681391],MALE,[40],SALEETTİN,ÖZKURT,[88318643259],MEDİHHA,DADLI
117,[25359108729],[637022],MALE,[39],EHRUN,ÖZİŞ,[70818556531],EYYİP,SUNGAR
118,[64233213255],[836228],MALE,[24],VEFAİL,ZAİM,[16434230806],HASEN,AKTAŞ
119,[49667695405],[886071],MALE,[78],VARAM,PAZIR,[16434230806],HASEN,AKTAŞ
120,[15324082071],[316357],MALE,[66],SIDDIYK,EZER,[97575984096],GÜNBAY,AKTAN
121,[43253665059],[488988],MALE,[67],MUHİTTİNİ,DUMLU,[87386471124],SEHRENAZ,DEMİRDAĞ
122,[87254013311],[501803],MALE,[42],FREDRİK,KAÇER,[93249538144],FATMABANİ,OĞUZ
123,[63726293909],[431949],MALE,[22],ABDÜLİLEH,TAN,[70818556531],EYYİP,SUNGAR
124,[72740214771],[841452],MALE,[70],ERİZ,KELEŞ,[87386471124],SEHRENAZ,DEMİRDAĞ
125,[29965652623],[550710],MALE,[64],HIZNİ,KUŞAKÇI,[75947312415],NUKAY,KILIÇOĞLU
126,[57763818953],[474442],MALE,[75],EBÜLLEYİS,TALAN,[67654134959],İKLİMİ,KEŞKEK
127,[18944962344],[804446],MALE,[38],SARDAL,ASLAN,[58231004649],KICEY,TURGUT
128,[42522172285],[573446],MALE,[19],ECAT,YEL,[27239790155],NAİMEE,ESEN
129,[12987445801],[533963],MALE,[43],YUZEF,EKİZ,[53133610634],RUBAŞE,SARICA DAROL
130,[36090485500],[917350],MALE,[57],YÜCEEL,KÜÇÜKGÖNCÜ,[66350169105],MÜZELFE,ÇINKIR
131,[74892887932],[592832],MALE,[46],FEHHAM,BÜLBÜL,[64261343732],MEHMETSİTTİK,YAKUT
132,[56654727924],[400721],MALE,[18],STOYAN,MESCİ HAFTACI,[64261343732],MEHMETSİTTİK,YAKUT
133,[70726174809],[792473],MALE,[78],TEFARUK,SEÇİR,[67654134959],İKLİMİ,KEŞKEK
134,[63775998072],[314277],MALE,[37],HERSİN,GÜNBEY,[16434230806],HASEN,AKTAŞ
135,[96520506153],[807198],MALE,[47],GÜNTEN,MERHAMETSİZ,[67654134959],İKLİMİ,KEŞKEK
136,[87788659094],[570883],MALE,[59],YURTSEVEN,MÖNÜR,[27239790155],NAİMEE,ESEN
137,[62435596453],[149875],MALE,[42],EZDRA,CAN BORAN,[88318643259],MEDİHHA,DADLI
138,[57728486237],[534771],MALE,[74],ŞAMANDAR,YAZICI EROL,[88318643259],MEDİHHA,DADLI
139,[29427782032],[859631],MALE,[29],RUHANİYET,ŞİMŞEK,[64261343732],MEHMETSİTTİK,YAKUT
140,[35181089248],[754973],MALE,[24],NECRAİL,YASA,[70818556531],EYYİP,SUNGAR
141,[87935616398],[282052],MALE,[76],DURDETTİN,İZCİ,[27239790155],NAİMEE,ESEN
142,[54600213085],[523952],MALE,[51],ERGÜNEŞ,SAĞDIK,[66350169105],MÜZELFE,ÇINKIR
143,[23616393073],[128124],MALE,[57],MEÇHUL,ÖKMEN,[48334014215],SADURET,ÇELİKTEN
144,[88136306094],[678318],MALE,[53],GIYAMİ,TATAR,[26125073818],KEVORG,KURTPINAR
145,[45636246800],[846520],MALE,[59],MEKİL,TEĞİN,[97575984096],GÜNBAY,AKTAN
146,[54179882417],[539682],MALE,[46],İZZETDAĞLI,KIRAN,[53133610634],RUBAŞE,SARICA DAROL
147,[88935553956],[958628],MALE,[56],SHONGYİ,AYYILDIZ,[58231004649],KICEY,TURGUT
148,[67756615398],[326455],MALE,[24],ZELİL,HODJAOGLU,[52754891914],ŞİDANİ,İNER KÖKSAL
149,[35421131653],[491504],MALE,[56],GİRMEN,KÜÇÜKCERAN,[27239790155],NAİMEE,ESEN
150,[26812270495],[619954],MALE,[48],ŞAME,TANRIKULU,[97575984096],GÜNBAY,AKTAN
151,[44736596852],[864270],MALE,[42],AJAR,HİÇDURMAZ,[97575984096],GÜNBAY,AKTAN
152,[92048409568],[756317],MALE,[56],ABDULLAKİR,KUŞAKÇI,[97575984096],GÜNBAY,AKTAN
153,[44148712529],[572394],MALE,[34],İLMİHAN,BULUT,[75947312415],NUKAY,KILIÇOĞLU
154,[53260112139],[455227],MALE,[55],AYYUK,KARAN,[53133610634],RUBAŞE,SARICA DAROL
155,[50252562734],[815761],MALE,[59],NAGİHAN,ÇÖREKLİ,[87544296898],ŞEYDEGÜL,BALLI
156,[56394326886],[202420],MALE,[33],ERDELAN,SÖNMEZ,[75947312415],NUKAY,KILIÇOĞLU
157,[66499056394],[784461],MALE,[66],MUKADIR,GÖKTEPE,[26125073818],KEVORG,KURTPINAR
158,[83036696535],[679516],MALE,[47],VEDAGÜN,BARATALI,[78020110113],SABAHİLDİN,CERAN
159,[62803240685],[795365],MALE,[67],HASFİ,KARAOĞLU,[93249538144],FATMABANİ,OĞUZ
160,[48504271984],[271165],MALE,[29],ALİTEKİN,TEVDİK,[67654134959],İKLİMİ,KEŞKEK
161,[78191346262],[809554],MALE,[69],KÜRŞATALP,ŞEYHANLI,[78020110113],SABAHİLDİN,CERAN
162,[78861895840],[114933],MALE,[29],MİM.KEMAL,DERE,[53133610634],RUBAŞE,SARICA DAROL
163,[56223281952],[735421],MALE,[55],ŞARANİ,KISA,[97575984096],GÜNBAY,AKTAN
164,[53770245920],[691517],MALE,[50],BİRKAN,CANBAZ,[85317912160],SEFURİYE,ORHAN
165,[79967140448],[993788],MALE,[70],FETHADDİN,SAYGIN,[27239790155],NAİMEE,ESEN
166,[78000735110],[539680],MALE,[78],PEYVENT,GÜRBOSTAN,[87544296898],ŞEYDEGÜL,BALLI
167,[94979309068],[585404],MALE,[73],SİLVAYİ,ATİK,[66350169105],MÜZELFE,ÇINKIR
168,[54321272570],[697435],MALE,[53],UTGAN,ÖZ,[93249538144],FATMABANİ,OĞUZ
169,[95132351234],[180902],MALE,[30],EZEMET,DESTEGÜL,[48334014215],SADURET,ÇELİKTEN
170,[42780542242],[533929],MALE,[69],BORBOROS,DADALI,[78020110113],SABAHİLDİN,CERAN
171,[41396199385],[624567],MALE,[30],RISALETTİN,VEZİROĞLU BİRDANE,[87544296898],ŞEYDEGÜL,BALLI
172,[44242235085],[445970],MALE,[63],MUFERRAH,TOLA,[58231004649],KICEY,TURGUT
173,[98113612685],[736240],MALE,[73],CELAHADDİN,ALTUNÖZ,[53133610634],RUBAŞE,SARICA DAROL
174,[82096353505],[564751],MALE,[72],ROBİN,KÖKSAL,[93249538144],FATMABANİ,OĞUZ
175,[35491775108],[563595],MALE,[37],DAFİL,ÇİFTÇİ,[70818556531],EYYİP,SUNGAR
176,[75097951775],[124297],MALE,[33],HÜNDAR,KUTLAR,[48334014215],SADURET,ÇELİKTEN
177,[20213097158],[423622],MALE,[23],ZORAL,DAM,[78020110113],SABAHİLDİN,CERAN
178,[80579649234],[216491],MALE,[27],A.KERİM,HÖKE,[97575984096],GÜNBAY,AKTAN
179,[90485944061],[122448],MALE,[71],ŞIĞMUS,KIZILMEŞE,[66350169105],MÜZELFE,ÇINKIR
180,[82704575901],[126359],MALE,[39],MUHUBİDDİN,RENÇBER,[70818556531],EYYİP,SUNGAR
181,[20321743719],[231290],MALE,[43],HASBEN,YENİAY,[52754891914],ŞİDANİ,İNER KÖKSAL
182,[86446875173],[364431],MALE,[79],YAGIYA,YALINKILIÇ,[87544296898],ŞEYDEGÜL,BALLI
183,[35157771603],[781839],MALE,[21],İTİBARİ,KAVUKOĞLU,[93249538144],FATMABANİ,OĞUZ
184,[35270108129],[975446],MALE,[19],NECMÜ,TOPER,[52754891914],ŞİDANİ,İNER KÖKSAL
185,[17513525874],[692178],MALE,[18],HACIRECEP,YEGEN YILMAZ,[87386471124],SEHRENAZ,DEMİRDAĞ
186,[34883705735],[528971],MALE,[76],GÜLÇEN,COŞKUNER,[67654134959],İKLİMİ,KEŞKEK
187,[55783458488],[572704],MALE,[62],ŞERAZİM,KARTAL,[93249538144],FATMABANİ,OĞUZ
188,[33921063258],[675574],MALE,[18],ABUHAYAT,TOY,[70818556531],EYYİP,SUNGAR
189,[18347283480],[671163],MALE,[66],ASĞER,ÖZBEYLER,[87544296898],ŞEYDEGÜL,BALLI
190,[85871128354],[101610],MALE,[38],RAHİD,AYDOĞAN,[66350169105],MÜZELFE,ÇINKIR
191,[75971423140],[689128],MALE,[33],ARMUGAN,BALABAN,[93249538144],FATMABANİ,OĞUZ
192,[27065507259],[570101],MALE,[69],EDİPSER,TEĞİN,[27239790155],NAİMEE,ESEN
193,[13160441572],[494213],MALE,[78],ANKOV,AYMAN,[97575984096],GÜNBAY,AKTAN
194,[48950887521],[519740],MALE,[77],BİLTOR,ÇOLAKEROL,[27239790155],NAİMEE,ESEN
195,[34436486140],[237800],MALE,[29],RUPHAN,IŞIKLI,[16434230806],HASEN,AKTAŞ
196,[77966987921],[183152],MALE,[55],YÜNLÜ,SU DUR,[97575984096],GÜNBAY,AKTAN
197,[81655280176],[389472],MALE,[62],NEDER,NASIROĞLU,[48334014215],SADURET,ÇELİKTEN
198,[53123270737],[124405],MALE,[60],KABIL,KIZILTOPRAK,[58231004649],KICEY,TURGUT
199,[90843554371],[202669],MALE,[49],ALKİ,ISSI,[87544296898],ŞEYDEGÜL,BALLI
200,[84361652016],[617337],MALE,[59],ERAM,SÜMER,[70818556531],EYYİP,SUNGAR
201,[81219221366],[559575],MALE,[71],İMİRZALİDEDE,KURTULUŞ,[93249538144],FATMABANİ,OĞUZ
202,[79924373184],[205510],MALE,[54],MEMETMAŞUK,AKÇAY,[52754891914],ŞİDANİ,İNER KÖKSAL
203,[28373400631],[976281],MALE,[38],MİLLETNAS,SUMAN,[67654134959],İKLİMİ,KEŞKEK
204,[59422519866],[344380],MALE,[52],MOYİZ,HEYBET,[53133610634],RUBAŞE,SARICA DAROL
205,[34265024071],[788968],MALE,[42],SAFİYUTTİN,BAYSOY,[27239790155],NAİMEE,ESEN
206,[44001879347],[592606],MALE,[70],İSAKO,TALAS,[48334014215],SADURET,ÇELİKTEN
207,[21286547924],[677792],MALE,[49],HUREYLE,AYDIN BADILLIOĞLU,[16434230806],HASEN,AKTAŞ
208,[48192178368],[898224],MALE,[57],HOSEP,KIR,[64261343732],MEHMETSİTTİK,YAKUT
209,[65180614989],[578742],MALE,[44],DENKTAŞ,HÖKE,[78020110113],SABAHİLDİN,CERAN
210,[30377846050],[657403],MALE,[68],EHAN,TOYRAN,[58231004649],KICEY,TURGUT
211,[97159591072],[370350],MALE,[30],ŞAHSADE,YALÇIN,[67654134959],İKLİMİ,KEŞKEK
212,[97489052079],[546806],MALE,[58],HUCO,OLCAR,[88318643259],MEDİHHA,DADLI
213,[16270815742],[888818],MALE,[68],SERİHAT,ELVERDİ,[78020110113],SABAHİLDİN,CERAN
214,[31179586440],[512435],MALE,[49],EBÜLHÜDA,NİMETİGİL,[64261343732],MEHMETSİTTİK,YAKUT
215,[24742685794],[616287],MALE,[69],ZENAT,GÜLBAHAR,[27239790155],NAİMEE,ESEN
216,[44819048286],[729060],MALE,[30],NİFAT,ÇAĞIL,[78020110113],SABAHİLDİN,CERAN
217,[70225985206],[560517],MALE,[68],HAPİP,SEYREK,[64261343732],MEHMETSİTTİK,YAKUT
218,[54309768320],[244004],MALE,[39],ALBAS,MAVİ,[27239790155],NAİMEE,ESEN
219,[38480186709],[638380],MALE,[36],EBLACEN,ÖZKAN,[26125073818],KEVORG,KURTPINAR
220,[55702650815],[187215],MALE,[74],PAŞALI,HATİPOĞLU,[87386471124],SEHRENAZ,DEMİRDAĞ
221,[71212734162],[578672],MALE,[22],İZET,ARSLAN,[75963590692],NÜRSEMAN,HOŞER
222,[63968684662],[454808],MALE,[43],SEBRAHİM,UZ,[70818556531],EYYİP,SUNGAR
223,[86389873677],[240751],MALE,[33],BATUBAY,GİRAY,[97575984096],GÜNBAY,AKTAN
224,[82473600690],[981505],MALE,[24],ŞURAHBİL,KIRCALI,[67654134959],İKLİMİ,KEŞKEK
225,[59081391812],[367173],MALE,[20],NECADDİ,ELİK,[53133610634],RUBAŞE,SARICA DAROL
226,[28012034693],[213355],MALE,[37],EDİZCAN,GENÇER,[64261343732],MEHMETSİTTİK,YAKUT
227,[57672866768],[773960],MALE,[48],HASANAŞIR,KINDIR,[78020110113],SABAHİLDİN,CERAN
228,[63652565134],[105475],MALE,[51],SERVAK,ARGON,[88318643259],MEDİHHA,DADLI
229,[19275861488],[841556],MALE,[37],NURİS,KAYA,[52754891914],ŞİDANİ,İNER KÖKSAL
230,[28530274799],[560058],MALE,[64],SEYDALLI,SOYER,[16434230806],HASEN,AKTAŞ
231,[45461088449],[837741],MALE,[28],NALLI,KARAAĞAÇ,[27239790155],NAİMEE,ESEN
232,[36354983294],[599367],MALE,[29],NURTİN,GÜLEN AKKÜÇÜK,[16434230806],HASEN,AKTAŞ
233,[61138684270],[750758],MALE,[60],HAMEDAN,AYAS,[88318643259],MEDİHHA,DADLI
234,[67119434666],[648432],MALE,[58],IBRIYAM,DAYLAK,[97575984096],GÜNBAY,AKTAN
235,[76618613237],[587948],MALE,[42],KEREMCAN,MEMİŞ,[52754891914],ŞİDANİ,İNER KÖKSAL
236,[77005630168],[227328],MALE,[54],İÇFAN,TÜREMENOĞULLARI,[85317912160],SEFURİYE,ORHAN
237,[33786629382],[248036],MALE,[22],NUHNACİ,GÜL,[93249538144],FATMABANİ,OĞUZ
238,[62750000293],[614081],MALE,[30],ARAR,BABACAN,[87386471124],SEHRENAZ,DEMİRDAĞ
239,[56119347507],[623522],MALE,[21],SULTANREŞAT,MÜEZZİNOĞLU,[52754891914],ŞİDANİ,İNER KÖKSAL
240,[48538040153],[780369],MALE,[77],EMRET,SAKALLI,[64261343732],MEHMETSİTTİK,YAKUT
241,[71507801328],[767152],MALE,[31],İBRANİ,GÜRPINAR,[87544296898],ŞEYDEGÜL,BALLI
242,[26748384376],[937695],MALE,[76],TEVRAN,ALPARSLAN,[93249538144],FATMABANİ,OĞUZ
243,[32408437041],[997789],MALE,[21],ABDÜLMÜKELLEF,ARIKAN,[87544296898],ŞEYDEGÜL,BALLI
244,[75503350267],[203190],MALE,[44],BİLALİ,TEOMAN,[66350169105],MÜZELFE,ÇINKIR
245,[80455221070],[423355],MALE,[41],HİSBET,BÜYÜKCERAN,[75947312415],NUKAY,KILIÇOĞLU
246,[98700328305],[156740],MALE,[58],DİLÖ,SONAY,[27239790155],NAİMEE,ESEN
247,[31211264809],[854026],MALE,[57],MUJDAFA,TAN,[75947312415],NUKAY,KILIÇOĞLU
248,[78826086675],[139747],MALE,[57],CANDENİZ,KAPLAN,[58231004649],KICEY,TURGUT
249,[15173430057],[352456],MALE,[37],YÜKMEN,UZUN,[78020110113],SABAHİLDİN,CERAN
250,[76417798027],[283065],MALE,[71],ULKAY,AKTUĞ,[53133610634],RUBAŞE,SARICA DAROL
251,[63019713993],[249836],MALE,[37],MECZUP,KURU,[70818556531],EYYİP,SUNGAR
252,[72650062612],[838736],MALE,[72],MISTIN,AYAS,[70818556531],EYYİP,SUNGAR
253,[50469597372],[407389],MALE,[61],ABDULHAİR,ÖZKAYNAR,[48334014215],SADURET,ÇELİKTEN
254,[95576222341],[189452],MALE,[74],MUHAMMETHAŞİM,YAKIŞAN,[88318643259],MEDİHHA,DADLI
255,[27603265170],[328814],MALE,[78],ŞEMMUN,TAŞKIN,[70818556531],EYYİP,SUNGAR
256,[96782947470],[941828],MALE,[29],HAYDER,GÜMÜRDÜ,[78020110113],SABAHİLDİN,CERAN
257,[20426832684],[411984],MALE,[20],APTİLİ,SARAÇOĞLU,[26125073818],KEVORG,KURTPINAR
258,[48218791607],[194993],MALE,[51],ERBAĞ,BAL,[64261343732],MEHMETSİTTİK,YAKUT
259,[16389377417],[996274],MALE,[41],EHLEM,BİNBOĞA,[58231004649],KICEY,TURGUT
260,[41232416853],[261121],MALE,[56],İSAYAŞAR,ALAN,[78020110113],SABAHİLDİN,CERAN
261,[93457905962],[359068],MALE,[59],HUGHWYNDHUN,CİMBEK,[85317912160],SEFURİYE,ORHAN
262,[27341873353],[373005],MALE,[40],ABİDDAN,KILBACAK,[70818556531],EYYİP,SUNGAR
263,[56762998673],[642387],MALE,[43],GUTRET,SUSAM,[88318643259],MEDİHHA,DADLI
264,[79346297344],[891586],MALE,[77],NAHAZ,TANTEKİN,[88318643259],MEDİHHA,DADLI
265,[80130340611],[294257],MALE,[39],ÜKSEL,ARTUÇ,[87544296898],ŞEYDEGÜL,BALLI
266,[38302172354],[329716],MALE,[77],AHMETDEL,AKŞAHİN,[27239790155],NAİMEE,ESEN
267,[83154288366],[159409],MALE,[47],İSNULLAH,ERDEN,[87544296898],ŞEYDEGÜL,BALLI
268,[79699654540],[259328],MALE,[59],ASHKAN,KAÇER,[52754891914],ŞİDANİ,İNER KÖKSAL
269,[13652724202],[673867],MALE,[52],ALEYMAN,ARIKBOĞA,[58231004649],KICEY,TURGUT
270,[46630993457],[479400],MALE,[49],EKVAN,ATASOY,[85317912160],SEFURİYE,ORHAN
271,[98101294322],[370442],MALE,[58],YASAF,GÜRER,[75947312415],NUKAY,KILIÇOĞLU
272,[53761037333],[901083],MALE,[42],ÖMÜŞ,YERLİKAYA,[70818556531],EYYİP,SUNGAR
273,[25931520867],[173750],MALE,[79],TEMMA,HODJAOGLU,[64261343732],MEHMETSİTTİK,YAKUT
274,[51264837567],[440594],MALE,[55],ABDULKARİM,BATMAZ,[26125073818],KEVORG,KURTPINAR
275,[94544802112],[478337],MALE,[38],FALİP,YILMAZ ÇİFTDOĞAN,[88318643259],MEDİHHA,DADLI
276,[65130747042],[340122],MALE,[57],HUREYYA,PEKGÖZ,[66350169105],MÜZELFE,ÇINKIR
277,[30711294976],[317461],MALE,[74],SONAY,DAĞDELEN,[27239790155],NAİMEE,ESEN
278,[17201119905],[491145],MALE,[22],İNCEMEMED,DİLMEN,[67654134959],İKLİMİ,KEŞKEK
279,[18661213750],[453197],MALE,[26],MUSLEHİTTİN,ALMOFTI,[52754891914],ŞİDANİ,İNER KÖKSAL
280,[67188929361],[525575],MALE,[20],İLTAR,ASLANER,[64261343732],MEHMETSİTTİK,YAKUT
281,[32489160353],[259496],MALE,[36],GÜLETTİN,KANDEMİR,[75947312415],NUKAY,KILIÇOĞLU
282,[67984848062],[624484],MALE,[43],KUTÜP,YEŞİLFİDAN,[26125073818],KEVORG,KURTPINAR
283,[36330564519],[353299],MALE,[18],İSTİFANUS,BAYSOY,[78020110113],SABAHİLDİN,CERAN
284,[90194103298],[480854],MALE,[63],SEBGETTULLAH,ARDIÇ,[64261343732],MEHMETSİTTİK,YAKUT
285,[45380274073],[219055],MALE,[53],DÜMER,BİCAN,[97575984096],GÜNBAY,AKTAN
286,[27736662728],[891318],MALE,[58],ALAMED,ÇALIŞKANTÜRK,[66350169105],MÜZELFE,ÇINKIR
287,[63398079536],[155184],MALE,[23],MÜVLÜT,BOLAÇ,[52754891914],ŞİDANİ,İNER KÖKSAL
288,[83230820229],[606822],MALE,[40],BALÇAR,1,[66350169105],MÜZELFE,ÇINKIR
289,[69269653947],[855630],MALE,[29],BULUNTU,TEMURTAŞ,[78020110113],SABAHİLDİN,CERAN
290,[87684032502],[910979],MALE,[23],SEVİDİN,BAŞKAN,[58231004649],KICEY,TURGUT
291,[75947299823],[565696],MALE,[71],MUADİ,KORKMAZOĞLU,[75963590692],NÜRSEMAN,HOŞER
292,[58197400162],[747963],MALE,[32],DÜNYABİN,BELGEMEN,[16434230806],HASEN,AKTAŞ
293,[21656087100],[875771],MALE,[45],BUHRA,ATLANOĞLU,[88318643259],MEDİHHA,DADLI
294,[89565732714],[326086],MALE,[56],GÜRSAN,HALİS,[75963590692],NÜRSEMAN,HOŞER
295,[34638325825],[400002],MALE,[50],CENNUR,ÖRENÇ,[52754891914],ŞİDANİ,İNER KÖKSAL
296,[31122518868],[693354],MALE,[42],SENAYE,LEYMUNÇİÇEĞİ,[64261343732],MEHMETSİTTİK,YAKUT
297,[41620809033],[256611],MALE,[24],ŞEHMUSTAFA,ATAY,[66350169105],MÜZELFE,ÇINKIR
298,[87351133515],[598118],MALE,[45],NESMETTİN,BUDUNOĞLU,[67654134959],İKLİMİ,KEŞKEK
299,[86815900688],[731310],MALE,[71],VEFAYEDDİN,KÜFECİLER,[26125073818],KEVORG,KURTPINAR
300,[78766429621],[271167],MALE,[29],İLMİHAN,AVŞAR,[66350169105],MÜZELFE,ÇINKIR
301,[12679391880],[961872],MALE,[23],REHMETULLAH,CILIZ BASHEER,[64261343732],MEHMETSİTTİK,YAKUT
302,[61003958806],[237256],MALE,[46],AVŞİNALP,BAŞDAŞ,[88318643259],MEDİHHA,DADLI
303,[85616481705],[722270],MALE,[53],MUSTALLI,ÖZCANLI,[87386471124],SEHRENAZ,DEMİRDAĞ
304,[40744284606],[165026],MALE,[49],BEHAUTTİN,KAYABAŞ,[75947312415],NUKAY,KILIÇOĞLU
305,[28863376953],[251690],MALE,[66],RİHART,TURAN,[87544296898],ŞEYDEGÜL,BALLI
306,[18299560812],[296120],MALE,[40],İLMUHAL,NACAROĞLU,[75947312415],NUKAY,KILIÇOĞLU
307,[51543310073],[447029],MALE,[33],İKMAL,ÖVEN USTAALİOĞLU,[67654134959],İKLİMİ,KEŞKEK
308,[31933810352],[587837],MALE,[79],EZGAN,ALTINBOĞA,[16434230806],HASEN,AKTAŞ
309,[83382187303],[499631],MALE,[19],FARİDTİN,EKEN,[53133610634],RUBAŞE,SARICA DAROL
310,[43402912416],[890408],MALE,[47],GÜLAGA,OYNAK,[97575984096],GÜNBAY,AKTAN
311,[93638725548],[630644],MALE,[79],ALİBAHAT,KAÇER,[87544296898],ŞEYDEGÜL,BALLI
312,[27708912872],[937651],MALE,[48],MİRREYDİN,ORHON,[53133610634],RUBAŞE,SARICA DAROL
313,[44642171434],[383382],MALE,[61],KAYTAŞ,ÖZCAN,[97575984096],GÜNBAY,AKTAN
314,[88692027912],[480430],MALE,[58],TUGBERK,ALIMLI,[75947312415],NUKAY,KILIÇOĞLU
315,[50251732031],[157488],MALE,[56],BOZDEMİR,ARGON,[64261343732],MEHMETSİTTİK,YAKUT
316,[50971812780],[893599],MALE,[34],OGUZHAN,ALAYBEYOĞLU,[70818556531],EYYİP,SUNGAR
317,[78495425580],[511178],MALE,[65],KYAZIM,POTA,[75947312415],NUKAY,KILIÇOĞLU
318,[58552079389],[368395],MALE,[39],GUDDÜSİ,AYTEKİN,[27239790155],NAİMEE,ESEN
319,[17489582798],[317528],MALE,[22],HUSFİ,ALBAYRAK,[85317912160],SEFURİYE,ORHAN
320,[29233637132],[603527],MALE,[66],İSAŞAHAN,SİPAHİ,[26125073818],KEVORG,KURTPINAR
321,[91890639266],[290375],MALE,[75],REKA,AKSUN,[16434230806],HASEN,AKTAŞ
322,[89827985191],[192215],MALE,[38],NİZAMİDDİN,KORKMAZOĞLU,[97575984096],GÜNBAY,AKTAN
323,[14114590055],[440751],MALE,[42],BERNES,ONAR ŞEKERCİ,[88318643259],MEDİHHA,DADLI
324,[52835952763],[427042],MALE,[18],SARGON,BÜYÜKCERAN,[64261343732],MEHMETSİTTİK,YAKUT
325,[75763736435],[234364],MALE,[71],ASKERİYE,YAKAR,[66350169105],MÜZELFE,ÇINKIR
326,[68577030479],[689088],MALE,[77],RUHŞAT,KARAOĞLANOĞLU,[48334014215],SADURET,ÇELİKTEN
327,[26991592048],[356745],MALE,[78],HUZEYF,GENÇ,[87544296898],ŞEYDEGÜL,BALLI
328,[97078734637],[146115],MALE,[41],FAİK,KÜTÜK,[26125073818],KEVORG,KURTPINAR
329,[53502788476],[702250],MALE,[30],NESUR,TOPAL,[85317912160],SEFURİYE,ORHAN
330,[28378424221],[700953],MALE,[25],SALİHDEMİR,CAN BORAN,[67654134959],İKLİMİ,KEŞKEK
331,[40748722857],[176374],MALE,[50],ZARİ,TEMEL,[87386471124],SEHRENAZ,DEMİRDAĞ
332,[13771910865],[659779],MALE,[41],NACİTTİN,SAKALLI,[88318643259],MEDİHHA,DADLI
333,[15434349502],[554130],MALE,[65],DEYO,GÜNEŞ,[26125073818],KEVORG,KURTPINAR
334,[32738958953],[375468],MALE,[20],BEDÜ,KARAOĞLU,[85317912160],SEFURİYE,ORHAN
335,[51776223453],[663418],MALE,[76],HAYATETTİN,DALYAN CİLO,[16434230806],HASEN,AKTAŞ
336,[26721502439],[555887],MALE,[74],GİREK,AYHAN,[87386471124],SEHRENAZ,DEMİRDAĞ
337,[70844795034],[173152],MALE,[29],YÖRÜŞAN,YEŞİLFİDAN,[78020110113],SABAHİLDİN,CERAN
338,[38425982449],[837837],MALE,[70],ZİLKEYFLİ,TÜFENK,[58231004649],KICEY,TURGUT
339,[12751965061],[405091],MALE,[35],ÇAKIRCI,TEPE,[58231004649],KICEY,TURGUT
340,[71743473882],[513339],MALE,[23],ABDÜLDURAN,DUMLU,[26125073818],KEVORG,KURTPINAR
341,[42097311239],[788089],MALE,[77],ŞEYBETTULHEM,KOCAYİĞİT,[85317912160],SEFURİYE,ORHAN
342,[87116145289],[684407],MALE,[66],NEVAH,ERDEM,[78020110113],SABAHİLDİN,CERAN
343,[18119667785],[815473],MALE,[59],ERDÜN,DEMİRELLİ,[87386471124],SEHRENAZ,DEMİRDAĞ
344,[35934845380],[700167],MALE,[20],SASAN,YİĞİT KUPLAY,[75947312415],NUKAY,KILIÇOĞLU
345,[94756062797],[763078],MALE,[32],MATEN,KURTULUŞ,[64261343732],MEHMETSİTTİK,YAKUT
346,[20887037778],[400747],MALE,[38],BEYNAF,COŞAR,[85317912160],SEFURİYE,ORHAN
347,[49937735752],[696416],MALE,[63],ALİŞ,BAYRAKTAROĞLU,[27239790155],NAİMEE,ESEN
348,[28333873650],[855264],MALE,[38],BESLEN,ÇİMEN,[58231004649],KICEY,TURGUT
349,[22026827608],[153248],MALE,[39],GÜCET,İNSELÖZ,[64261343732],MEHMETSİTTİK,YAKUT
350,[39171989591],[959465],MALE,[55],HİYANİ,KOCA,[87544296898],ŞEYDEGÜL,BALLI
351,[69065132324],[236341],MALE,[25],UĞURASLAN,SÜL,[87386471124],SEHRENAZ,DEMİRDAĞ
352,[95688149253],[804700],MALE,[68],ZUFTÜ,HÖKE,[85317912160],SEFURİYE,ORHAN
353,[18669197418],[513836],MALE,[44],OYLU,AKAR,[93249538144],FATMABANİ,OĞUZ
354,[14431896267],[395517],MALE,[33],AYĞAH,ERGÜN,[58231004649],KICEY,TURGUT
355,[41391952467],[513237],MALE,[57],DEVRİMER,GÖKSEL,[52754891914],ŞİDANİ,İNER KÖKSAL
356,[64780738232],[393379],MALE,[75],MUSBAHATTİN,SADIÇ,[66350169105],MÜZELFE,ÇINKIR
357,[24701521695],[199047],MALE,[76],ZEVALETTİN,SEZER,[16434230806],HASEN,AKTAŞ
358,[84445609179],[159320],MALE,[78],HÜDAYİM,TAVŞAN,[70818556531],EYYİP,SUNGAR
359,[19377404246],[588541],MALE,[71],NECAHİDİN,CANDAN,[66350169105],MÜZELFE,ÇINKIR
360,[96329348937],[970948],MALE,[34],ABDULFÜRKAN,ÖĞÜT AYDIN,[93249538144],FATMABANİ,OĞUZ
361,[44746813980],[156202],MALE,[52],MÜTDAMİL,ŞAHİN,[48334014215],SADURET,ÇELİKTEN
362,[39608352621],[273250],MALE,[50],TALİD,İNCİ KENAR,[67654134959],İKLİMİ,KEŞKEK
363,[31664280459],[933983],MALE,[21],ŞEZABİL,TAVŞAN,[58231004649],KICEY,TURGUT
364,[33062808357],[521418],MALE,[25],MEHMETER,ÖNVERMEZ,[48334014215],SADURET,ÇELİKTEN
365,[45558352540],[916233],MALE,[26],ZİKRİ,ERDOĞMUŞ,[70818556531],EYYİP,SUNGAR
366,[79817130001],[985937],MALE,[39],VOLKER,ARARAT,[87544296898],ŞEYDEGÜL,BALLI
367,[24800745278],[725784],MALE,[53],FEHHMİ,BABACAN,[26125073818],KEVORG,KURTPINAR
368,[83844307984],[449391],MALE,[20],BESEN,ÇANKAYA,[78020110113],SABAHİLDİN,CERAN
369,[46830710773],[629030],MALE,[23],SUCAHHATTİN,BAKLALI,[78020110113],SABAHİLDİN,CERAN
370,[84251133570],[745130],MALE,[75],DERAL,KILIÇ,[85317912160],SEFURİYE,ORHAN
371,[51008780699],[211383],MALE,[31],NEVRİN,İLBAY,[75947312415],NUKAY,KILIÇOĞLU
372,[59051652069],[186769],MALE,[34],GEMİFAN,DUMAN,[75963590692],NÜRSEMAN,HOŞER
373,[61395990999],[594908],MALE,[69],OMAMBAY,ASLANER,[87544296898],ŞEYDEGÜL,BALLI
374,[83721680300],[474541],MALE,[49],SAİDNUR,TAŞLI,[75963590692],NÜRSEMAN,HOŞER
375,[27240173175],[139846],MALE,[44],KANCO,KARAHAN,[58231004649],KICEY,TURGUT
376,[52833659812],[541409],MALE,[69],İZRA,BULUÇ,[93249538144],FATMABANİ,OĞUZ
377,[86733141509],[208753],MALE,[39],MÖHSÜN,YÜCE,[75963590692],NÜRSEMAN,HOŞER
378,[59535690155],[175380],MALE,[78],İMLAK,YAKAR,[97575984096],GÜNBAY,AKTAN
379,[94012180307],[100531],MALE,[64],EFKANIL,ERDEN,[48334014215],SADURET,ÇELİKTEN
380,[36142189376],[999585],MALE,[59],MIKDAT,MERDEN,[52754891914],ŞİDANİ,İNER KÖKSAL
381,[97337206394],[942923],MALE,[42],EMRİMEYE,CELTEMEN,[53133610634],RUBAŞE,SARICA DAROL
382,[81452300960],[924270],MALE,[51],SABAT,MERDEN,[67654134959],İKLİMİ,KEŞKEK
383,[69334949487],[143724],MALE,[52],ŞAHANDİS,TÜRKOĞLU,[64261343732],MEHMETSİTTİK,YAKUT
384,[84502850378],[627140],MALE,[26],ŞEVVAL,ÖZBEYLER,[75963590692],NÜRSEMAN,HOŞER
385,[41122821366],[137787],MALE,[52],NİZAMİTDİN,YETİZ,[85317912160],SEFURİYE,ORHAN
386,[25220505062],[326797],MALE,[68],MEMETMAŞUK,BOZAN,[48334014215],SADURET,ÇELİKTEN
387,[27354276465],[389538],MALE,[21],HOJAT,ALPARSLAN,[97575984096],GÜNBAY,AKTAN
388,[56825859025],[685635],MALE,[76],FENİK,SINICI,[16434230806],HASEN,AKTAŞ
389,[32706073500],[149601],MALE,[75],GİLO,BÜRKÜK,[53133610634],RUBAŞE,SARICA DAROL
390,[60324795648],[519336],MALE,[37],URUYAN,ASLANALP,[87544296898],ŞEYDEGÜL,BALLI
391,[24335138569],[117670],MALE,[27],HULKEDDİN,AKBUDAK,[27239790155],NAİMEE,ESEN
392,[84831946491],[985537],MALE,[41],GÜNEŞDEN,BÜKÜLMEZ,[88318643259],MEDİHHA,DADLI
393,[67632311665],[107824],MALE,[30],HAFİZERGÜN,İVACIK,[16434230806],HASEN,AKTAŞ
394,[30419251387],[260748],MALE,[54],ÜBBAT,EMLAKÇIOĞLU,[58231004649],KICEY,TURGUT
395,[66406213387],[504722],MALE,[35],FRAT,YENİGÜN,[88318643259],MEDİHHA,DADLI
396,[56077621505],[245881],MALE,[43],SEYFİTTİN,DEVECİ,[27239790155],NAİMEE,ESEN
397,[58801165922],[631452],MALE,[76],MEDAİL,KARAHAN,[70818556531],EYYİP,SUNGAR
398,[97613084566],[129597],MALE,[28],BEYGU,KALEM,[66350169105],MÜZELFE,ÇINKIR
399,[60688820442],[366268],MALE,[79],NEVCE,EROĞLU,[27239790155],NAİMEE,ESEN
400,[62935348142],[189622],MALE,[67],ÇİLGİN,İZGİ,[87544296898],ŞEYDEGÜL,BALLI
401,[26193914423],[914977],MALE,[45],HÜCET,BOZPOLAT,[75963590692],NÜRSEMAN,HOŞER
402,[68606326734],[581151],MALE,[73],HAKBİL,BİLGİN,[78020110113],SABAHİLDİN,CERAN
403,[78270002788],[621075],MALE,[20],ŞEYMAN,EŞKAZAN,[75947312415],NUKAY,KILIÇOĞLU
404,[84046021625],[652284],MALE,[50],MAKİ,DAĞ,[66350169105],MÜZELFE,ÇINKIR
405,[44934102693],[952947],MALE,[24],BEYEN,ÖZTÜRKERİ,[52754891914],ŞİDANİ,İNER KÖKSAL
406,[70094854416],[975960],MALE,[55],PATİST,ASLANER,[87544296898],ŞEYDEGÜL,BALLI
407,[46032369580],[498412],MALE,[72],ALİTAŞ,DEMİRDAĞ,[70818556531],EYYİP,SUNGAR
408,[50526033356],[889812],MALE,[50],DALLI,DANIŞOĞLU,[87544296898],ŞEYDEGÜL,BALLI
409,[25171455475],[614265],MALE,[67],TURGUTHAN,GİRAY,[87386471124],SEHRENAZ,DEMİRDAĞ
410,[15371991501],[227992],MALE,[47],MLADEN,OZAN,[26125073818],KEVORG,KURTPINAR
411,[23398626055],[339489],MALE,[38],MORİNE,TÜRKYILMAZ,[87544296898],ŞEYDEGÜL,BALLI
412,[96955239681],[369019],MALE,[18],URAY,ENGİZ,[87386471124],SEHRENAZ,DEMİRDAĞ
413,[45471001930],[406856],MALE,[78],YUMRU,BABADAĞI,[58231004649],KICEY,TURGUT
414,[17462171422],[811834],MALE,[23],ANIL,NUHVEREN,[48334014215],SADURET,ÇELİKTEN
415,[64097697471],[550537],MALE,[55],YAZARKAN,FIRAT,[70818556531],EYYİP,SUNGAR
416,[80699474773],[259893],MALE,[59],HABAT,ERŞEN,[88318643259],MEDİHHA,DADLI
417,[94821092869],[318673],MALE,[28],A.YILMAZ,GENÇER,[87386471124],SEHRENAZ,DEMİRDAĞ
418,[40681697194],[830113],MALE,[31],UKAP,ŞAŞMAZ,[52754891914],ŞİDANİ,İNER KÖKSAL
419,[73167473612],[887955],MALE,[19],KAVVAS,USLU,[93249538144],FATMABANİ,OĞUZ
420,[23543391176],[886866],MALE,[72],BELKİN,TÜRE,[85317912160],SEFURİYE,ORHAN
421,[92260834880],[358533],MALE,[52],EDVAN,YENİÇERİ,[88318643259],MEDİHHA,DADLI
422,[25192283863],[929308],MALE,[31],SÜHYETTİN,TURGUT,[75947312415],NUKAY,KILIÇOĞLU
423,[56083433407],[166096],MALE,[57],İKSAN,AVCIOĞLU,[93249538144],FATMABANİ,OĞUZ
424,[29279423285],[700928],MALE,[74],EVZAH,ÖNDER SİVİŞ,[78020110113],SABAHİLDİN,CERAN
425,[26135698535],[457176],MALE,[40],SERGENELDAL,DÜZKALIR,[64261343732],MEHMETSİTTİK,YAKUT
426,[36946952963],[581805],MALE,[24],ABDÜLSAMİ,PARASIZ,[97575984096],GÜNBAY,AKTAN
427,[40605405500],[175519],MALE,[64],VİRGİL,ÜNALAN,[78020110113],SABAHİLDİN,CERAN
428,[36263350462],[644211],MALE,[42],MİHACİR,BİLİCİ,[16434230806],HASEN,AKTAŞ
429,[89534873900],[487194],MALE,[50],MİRAS,YEŞİL,[66350169105],MÜZELFE,ÇINKIR
430,[77096099060],[628397],MALE,[70],SEDİD,GÖKKOCA,[87544296898],ŞEYDEGÜL,BALLI
431,[33171861933],[584047],MALE,[58],HAKKIHAN,ULUBAŞOĞLU,[78020110113],SABAHİLDİN,CERAN
432,[21508561519],[432979],MALE,[45],FARİCAN,PİRİM,[70818556531],EYYİP,SUNGAR
433,[98529261852],[764528],MALE,[43],EYLÜL,YILANLI,[48334014215],SADURET,ÇELİKTEN
434,[57764095000],[391254],MALE,[20],MEZGİN,SABAZ,[48334014215],SADURET,ÇELİKTEN
435,[52229494495],[675714],MALE,[41],BULUNTU,HİÇDURMAZ,[87386471124],SEHRENAZ,DEMİRDAĞ
436,[91914230845],[102481],MALE,[52],DURANEDDİN,GÖKÇEN,[85317912160],SEFURİYE,ORHAN
437,[27382888103],[801923],MALE,[56],GENÇÇO,TEPE,[70818556531],EYYİP,SUNGAR
438,[24498168359],[341039],MALE,[27],HAZİS,ÖNEY KURNAZ,[87544296898],ŞEYDEGÜL,BALLI
439,[73508927257],[304222],MALE,[60],MUHABETTULLAH,GÖKSOY,[64261343732],MEHMETSİTTİK,YAKUT
440,[33839938187],[229381],MALE,[59],EFGAN,SAYGIN,[27239790155],NAİMEE,ESEN
441,[49402181308],[959734],MALE,[65],IOUSSEİN,SAATÇIOĞLU,[97575984096],GÜNBAY,AKTAN
442,[98122375763],[297579],MALE,[76],BEKSAR,ALMACIOĞLU,[87386471124],SEHRENAZ,DEMİRDAĞ
443,[43944056830],[363438],MALE,[50],CANFİDAN,ZORLU KARAYİĞİT,[26125073818],KEVORG,KURTPINAR
444,[27615215839],[880247],MALE,[51],RUZKAN,BAHÇEBAŞI,[93249538144],FATMABANİ,OĞUZ
445,[28743289384],[292001],MALE,[21],ÖMRÜ,YILDIRIMÇAKAR,[53133610634],RUBAŞE,SARICA DAROL
446,[35145294923],[115150],MALE,[27],MELEYİTTİN,SEVİNGİL,[53133610634],RUBAŞE,SARICA DAROL
447,[63070059773],[423651],MALE,[25],AYKUTALİ,BAŞKAN,[66350169105],MÜZELFE,ÇINKIR
448,[24734290687],[442117],MALE,[77],AFER,ÜREYEN,[16434230806],HASEN,AKTAŞ
449,[65531224770],[513397],MALE,[61],KİYAFEDDİN,CAMCI,[52754891914],ŞİDANİ,İNER KÖKSAL
450,[36528256218],[282367],MALE,[73],KALİN,BÜDÜN,[26125073818],KEVORG,KURTPINAR
451,[21412983284],[567414],MALE,[66],SUHANVER,CANSEVER,[87544296898],ŞEYDEGÜL,BALLI
452,[91952377885],[372385],MALE,[61],CORCİ,ÖKMEN,[75947312415],NUKAY,KILIÇOĞLU
453,[87827531508],[997551],MALE,[63],YİĞİTALP,BAŞYİĞİT,[88318643259],MEDİHHA,DADLI
454,[28290523816],[776400],MALE,[78],VEHHEP,MERDEN,[64261343732],MEHMETSİTTİK,YAKUT
455,[97818795949],[738024],MALE,[46],CHARİF,BİLİCİ,[64261343732],MEHMETSİTTİK,YAKUT
456,[39881480782],[267992],MALE,[38],ROZE,ARICI,[70818556531],EYYİP,SUNGAR
457,[69121328907],[664419],MALE,[43],İSTİLYANA,MERCAN,[66350169105],MÜZELFE,ÇINKIR
458,[79290061059],[340860],MALE,[75],MUTUL,DİLEK,[67654134959],İKLİMİ,KEŞKEK
459,[36751362137],[942118],MALE,[51],M.SAİD,CELİLOĞLU,[78020110113],SABAHİLDİN,CERAN
460,[78015293701],[242102],MALE,[37],UFUKNUR,SAKA,[85317912160],SEFURİYE,ORHAN
461,[64223395657],[761587],MALE,[57],ÇERĞE,HÖKE,[93249538144],FATMABANİ,OĞUZ
462,[19320674597],[718642],MALE,[18],ROMEDİN,TOPAL,[78020110113],SABAHİLDİN,CERAN
463,[24043053468],[805855],MALE,[50],ÖNERİ,DEMİRAY,[53133610634],RUBAŞE,SARICA DAROL
464,[64918310246],[525246],MALE,[41],KERMU,AYKOL,[58231004649],KICEY,TURGUT
465,[14242703733],[244071],MALE,[44],ERMAĞAN,SUMAN,[48334014215],SADURET,ÇELİKTEN
466,[12418095526],[226733],MALE,[75],ÜNYOL,BEREKET,[58231004649],KICEY,TURGUT
467,[56690356036],[993690],MALE,[79],İSABEDDİN,HATİPOĞLU,[27239790155],NAİMEE,ESEN
468,[38654474316],[718724],MALE,[64],ASPET,GİDER,[66350169105],MÜZELFE,ÇINKIR
469,[42260696981],[643601],MALE,[77],HAYİM,CANDAN,[70818556531],EYYİP,SUNGAR
470,[89746743012],[818511],MALE,[78],DADİK,CANBOLAT,[88318643259],MEDİHHA,DADLI
471,[21976990881],[346316],MALE,[20],MUGADDES,DİKİCİ,[75947312415],NUKAY,KILIÇOĞLU
472,[78660051565],[553672],MALE,[46],MUNTAŞ,İNSELÖZ,[66350169105],MÜZELFE,ÇINKIR
473,[66972073576],[527375],MALE,[32],BELYA,ÖZBEYLER,[97575984096],GÜNBAY,AKTAN
474,[17603454056],[823114],MALE,[57],NAŞİK,YENİÇERİ,[85317912160],SEFURİYE,ORHAN
475,[15286489582],[907882],MALE,[60],ÇEVİŞ,ALPARSLAN,[97575984096],GÜNBAY,AKTAN
476,[55930542219],[951251],MALE,[33],TEJDİN,KOCUBEYOĞLU,[27239790155],NAİMEE,ESEN
477,[41653490847],[324242],MALE,[56],ABDULRİYAK,ÇETİN,[85317912160],SEFURİYE,ORHAN
478,[47467503051],[796151],MALE,[69],EMİRBEK,UYGUR,[85317912160],SEFURİYE,ORHAN
479,[35915396614],[393856],MALE,[22],İLİMCAN,HÜSEYNİ,[70818556531],EYYİP,SUNGAR
480,[71575849755],[325718],MALE,[26],BAYRAN,YAMAK,[75963590692],NÜRSEMAN,HOŞER
481,[42924340910],[296295],MALE,[54],CESUN,AYKUŞ,[75947312415],NUKAY,KILIÇOĞLU
482,[93737770747],[315523],MALE,[78],MEHRAM,ÇÖL,[75963590692],NÜRSEMAN,HOŞER
483,[49909849376],[862115],MALE,[64],İLMO,SÜRÜM,[70818556531],EYYİP,SUNGAR
484,[40006292110],[219412],MALE,[39],VALTER,ÖZLÜ,[85317912160],SEFURİYE,ORHAN
485,[68534075049],[898527],MALE,[58],CEVAYİR,SOYTAŞ,[85317912160],SEFURİYE,ORHAN
486,[23642824951],[833968],MALE,[50],ERKENT,AŞAN,[75947312415],NUKAY,KILIÇOĞLU
487,[42607358044],[592878],MALE,[65],MEZMAHATTİN,SARAL,[75947312415],NUKAY,KILIÇOĞLU
488,[79786360431],[301660],MALE,[64],ÜCERET,AYKUŞ,[93249538144],FATMABANİ,OĞUZ
489,[61400133436],[523376],MALE,[64],ŞİHLI,ÇERİK,[70818556531],EYYİP,SUNGAR
490,[83524311322],[888683],MALE,[41],ZÜHDÜ,GÖZKAYA,[58231004649],KICEY,TURGUT
491,[91898715350],[779260],MALE,[61],ÖZBABA,KUŞAKÇI,[26125073818],KEVORG,KURTPINAR
492,[51732542761],[909060],MALE,[22],BATANAY,ÖNDE,[70818556531],EYYİP,SUNGAR
493,[78861906760],[849828],MALE,[69],BOJİDAR,SADİ AYKAN,[85317912160],SEFURİYE,ORHAN
494,[73572432446],[106563],MALE,[48],RÜFCAN,PARA,[75947312415],NUKAY,KILIÇOĞLU
495,[53084848385],[876149],MALE,[73],KIMIL,GENÇ,[78020110113],SABAHİLDİN,CERAN
496,[58876591112],[111093],MALE,[64],APTULAZİM,SANDAL,[27239790155],NAİMEE,ESEN
497,[94214565800],[685522],MALE,[67],PİRVERDİ,SUNGAR,[70818556531],EYYİP,SUNGAR
498,[22546394235],[866795],MALE,[79],ZİREM,MORAN,[88318643259],MEDİHHA,DADLI
499,[40527955434],[753785],MALE,[61],BEŞŞUR,UFACIK,[58231004649],KICEY,TURGUT
500,[60253180910],[558368],FEMALE,[76],YURDANE,ŞENGÜLEROĞLU,[64261343732],MEHMETSİTTİK,YAKUT
501,[62559728275],[129178],FEMALE,[29],FAZLI,CANTÜRK,[64261343732],MEHMETSİTTİK,YAKUT
502,[52668570018],[944608],FEMALE,[71],HAVZARAN,NACAR,[16434230806],HASEN,AKTAŞ
503,[82398791548],[441854],FEMALE,[49],ELDİHAN,SÜNER,[75947312415],NUKAY,KILIÇOĞLU
504,[51653204942],[986283],FEMALE,[31],ZETUN,GÜRAKAN,[27239790155],NAİMEE,ESEN
505,[37641309394],[909814],FEMALE,[46],FİRİZAN,KIRAÇ,[27239790155],NAİMEE,ESEN
506,[85727620138],[602041],FEMALE,[55],VERİK,ÜNLÜ,[97575984096],GÜNBAY,AKTAN
507,[64687240819],[729285],FEMALE,[76],HEYATÜLKULUP,ÖZİŞ,[70818556531],EYYİP,SUNGAR
508,[57118815742],[953788],FEMALE,[37],NAMISER,TOLU,[52754891914],ŞİDANİ,İNER KÖKSAL
509,[58392185242],[289172],FEMALE,[36],AZZEGÜL,ÜZEN,[48334014215],SADURET,ÇELİKTEN
510,[27434520864],[646687],FEMALE,[25],YURDENUR,SU KURT,[52754891914],ŞİDANİ,İNER KÖKSAL
511,[78802199379],[948462],FEMALE,[23],SERTANUR,KALIPCI,[87386471124],SEHRENAZ,DEMİRDAĞ
512,[24956326854],[786374],FEMALE,[48],SERVİNEZ,ALPSAN GÖKMEN,[16434230806],HASEN,AKTAŞ
513,[51298990350],[258265],FEMALE,[70],DORINA,BÜYÜKTAŞ,[16434230806],HASEN,AKTAŞ
514,[70522093266],[886896],FEMALE,[61],GÖGCEN,ATALAY,[16434230806],HASEN,AKTAŞ
515,[59192787080],[905944],FEMALE,[41],GÜLFEŞİDE,GÖKTEN,[78020110113],SABAHİLDİN,CERAN
516,[47091913297],[724393],FEMALE,[57],FINCA,ÖDEN,[97575984096],GÜNBAY,AKTAN
517,[71198927117],[717767],FEMALE,[70],ZÜHALİ,ŞİMŞEK,[27239790155],NAİMEE,ESEN
518,[45657407355],[603793],FEMALE,[55],BERHÜ,KERİMOĞLU,[87544296898],ŞEYDEGÜL,BALLI
519,[35838298231],[297329],FEMALE,[54],CANLİYE,İLGEN,[52754891914],ŞİDANİ,İNER KÖKSAL
520,[51283189008],[387035],FEMALE,[46],YÜNİSE,İVACIK,[16434230806],HASEN,AKTAŞ
521,[24930135614],[671712],FEMALE,[37],SUMEYNE,SELVİ,[88318643259],MEDİHHA,DADLI
522,[97623233683],[216670],FEMALE,[50],ÜZÜYE,ANIK,[52754891914],ŞİDANİ,İNER KÖKSAL
523,[65444508280],[247992],FEMALE,[76],AYNAHAN,SEVEN,[67654134959],İKLİMİ,KEŞKEK
524,[29752566178],[287460],FEMALE,[35],NEŞFİYE,ÖZKANLI,[78020110113],SABAHİLDİN,CERAN
525,[16502720382],[834666],FEMALE,[41],MİYES,ÇİMEN,[27239790155],NAİMEE,ESEN
526,[96148836969],[188445],FEMALE,[71],HÜMBÜL,KÖSE,[87386471124],SEHRENAZ,DEMİRDAĞ
527,[86745291519],[658523],FEMALE,[40],TEŞFİRE,KOÇ,[26125073818],KEVORG,KURTPINAR
528,[28194205718],[187841],FEMALE,[52],AYÇELENAYŞE,MERCAN,[64261343732],MEHMETSİTTİK,YAKUT
529,[38362014719],[808257],FEMALE,[61],VEZHİ,ÖZASLAN,[53133610634],RUBAŞE,SARICA DAROL
530,[59147633098],[527849],FEMALE,[75],HORİSİME,ÖZTAŞ,[87386471124],SEHRENAZ,DEMİRDAĞ
531,[55804638230],[126453],FEMALE,[37],MEYASSA,KABA,[75963590692],NÜRSEMAN,HOŞER
532,[15737225436],[683573],FEMALE,[63],ŞEHMİNOR,PAZIR,[70818556531],EYYİP,SUNGAR
533,[36370678493],[751716],FEMALE,[38],MÖHRETEP,KARAKÖK GÜNGÖR,[75947312415],NUKAY,KILIÇOĞLU
534,[38043488777],[133117],FEMALE,[49],KİYAFE,GÜNGÖR,[75963590692],NÜRSEMAN,HOŞER
535,[68159503188],[316480],FEMALE,[72],KEHRİZAR,KUTLUCAN BAĞCI,[87544296898],ŞEYDEGÜL,BALLI
536,[37610531013],[469431],FEMALE,[42],VARTANUŞ,ABSEYİ,[64261343732],MEHMETSİTTİK,YAKUT
537,[39895836252],[935883],FEMALE,[41],NECAVİYE,ÖZMEN SÜNER,[75947312415],NUKAY,KILIÇOĞLU
538,[13317787155],[243709],FEMALE,[25],AYJİN,KARAKAŞ,[87544296898],ŞEYDEGÜL,BALLI
539,[88694584939],[697080],FEMALE,[25],TENİGÜR,FİLİZ,[75947312415],NUKAY,KILIÇOĞLU
540,[75274689065],[926039],FEMALE,[53],DÖHDÜ,İSEN,[87544296898],ŞEYDEGÜL,BALLI
541,[59115114424],[134845],FEMALE,[35],PEKİYİ,PİŞİRGEN,[75947312415],NUKAY,KILIÇOĞLU
542,[27643835466],[881424],FEMALE,[43],UVEYŞ,VARICI,[67654134959],İKLİMİ,KEŞKEK
543,[63618338618],[615741],FEMALE,[55],KEVSERNUR,İBİŞOĞLU,[78020110113],SABAHİLDİN,CERAN
544,[49112462697],[235764],FEMALE,[75],MÜCELLET,İLBAY,[27239790155],NAİMEE,ESEN
545,[92196106026],[595569],FEMALE,[54],FAKULE,YETİZ,[78020110113],SABAHİLDİN,CERAN
546,[60476922275],[922333],FEMALE,[63],KINARİK,BAĞ,[26125073818],KEVORG,KURTPINAR
547,[35105981671],[123655],FEMALE,[40],HAZAK,BABADAĞI,[58231004649],KICEY,TURGUT
548,[59504920848],[887853],FEMALE,[40],BEZZO,ŞENCAN,[53133610634],RUBAŞE,SARICA DAROL
549,[63249492168],[215374],FEMALE,[48],GULBARİN,SARICA DAROL,[64261343732],MEHMETSİTTİK,YAKUT
550,[44099756741],[408368],FEMALE,[72],LİVASE,ONAY,[48334014215],SADURET,ÇELİKTEN
551,[25674774193],[906274],FEMALE,[52],EFRUM,NURÇİN,[75947312415],NUKAY,KILIÇOĞLU
552,[74663572940],[895907],FEMALE,[46],PEECH,KISAOĞLU,[88318643259],MEDİHHA,DADLI
553,[21355264867],[594699],FEMALE,[53],ŞENLALE,BARATALI,[70818556531],EYYİP,SUNGAR
554,[45281489717],[202637],FEMALE,[41],İSMİLAY,BAHÇECİ,[75963590692],NÜRSEMAN,HOŞER
555,[14225224375],[680478],FEMALE,[29],GÜLGENÇ,BERKAY,[85317912160],SEFURİYE,ORHAN
556,[88959886839],[502275],FEMALE,[32],RAYTEN,KANNECİ,[75947312415],NUKAY,KILIÇOĞLU
557,[67714465055],[939487],FEMALE,[42],NURİZİYEN,DİKİCİ,[52754891914],ŞİDANİ,İNER KÖKSAL
558,[65619543980],[548962],FEMALE,[20],TAŞKULU,TOPUZ,[93249538144],FATMABANİ,OĞUZ
559,[30195629092],[666113],FEMALE,[61],ÜRKÜŞE,DÜZ,[75947312415],NUKAY,KILIÇOĞLU
560,[24959617565],[457473],FEMALE,[40],ALFET,BÖLÜK,[16434230806],HASEN,AKTAŞ
561,[90539851238],[990978],FEMALE,[42],ASHAN,EKER,[26125073818],KEVORG,KURTPINAR
562,[14105046473],[130285],FEMALE,[49],AMANİSA,KAYIHAN,[64261343732],MEHMETSİTTİK,YAKUT
563,[71542880444],[573061],FEMALE,[79],LİGA,KARKIN,[67654134959],İKLİMİ,KEŞKEK
564,[18637433540],[585664],FEMALE,[66],MÜRESE,OKUR,[87386471124],SEHRENAZ,DEMİRDAĞ
565,[68009871329],[872805],FEMALE,[23],ÜMÜTŞEN,KIZANOĞLU,[16434230806],HASEN,AKTAŞ
566,[31142426753],[557342],FEMALE,[43],BOYLU,ALPINAR,[26125073818],KEVORG,KURTPINAR
567,[83371646906],[261591],FEMALE,[18],GÜNNAZİK,TÜLÜCE,[52754891914],ŞİDANİ,İNER KÖKSAL
568,[49715453089],[457777],FEMALE,[29],SOSNİ,BİNNETOĞLU,[53133610634],RUBAŞE,SARICA DAROL
569,[46546428721],[387953],FEMALE,[76],SÜHEYİL,ELLİALTI,[53133610634],RUBAŞE,SARICA DAROL
570,[93881179771],[812531],FEMALE,[20],MÜLYE,EKEN,[87386471124],SEHRENAZ,DEMİRDAĞ
571,[43307842461],[819309],FEMALE,[57],ŞENK,TOPER,[93249538144],FATMABANİ,OĞUZ
572,[43148023141],[674283],FEMALE,[63],NEZAMİYE,BÜYÜKDOĞAN,[70818556531],EYYİP,SUNGAR
573,[79876148386],[227601],FEMALE,[59],NİKOLAVASU,ÖĞÜT AYDIN,[78020110113],SABAHİLDİN,CERAN
574,[18596345509],[557935],FEMALE,[55],GÜRBET,ÇAĞLAR,[58231004649],KICEY,TURGUT
575,[52573728494],[226727],FEMALE,[39],ÖNİZA,FİŞEKCİ,[75963590692],NÜRSEMAN,HOŞER
576,[52649522283],[314763],FEMALE,[72],ERİKAN,KARADAĞ,[64261343732],MEHMETSİTTİK,YAKUT
577,[16736356470],[366647],FEMALE,[43],SUDNUŞ,GÖKTÜRK,[87544296898],ŞEYDEGÜL,BALLI
578,[46380599895],[911992],FEMALE,[52],KATMAR,EVİK,[85317912160],SEFURİYE,ORHAN
579,[59160392227],[334567],FEMALE,[48],TATLİ,SÜRMEN AKYOL,[75947312415],NUKAY,KILIÇOĞLU
580,[17702547608],[877173],FEMALE,[25],RÜHZAN,ÖZGÜROL,[75947312415],NUKAY,KILIÇOĞLU
581,[71002691361],[626454],FEMALE,[52],ÖSÜ,ÖZSAYGILI,[75947312415],NUKAY,KILIÇOĞLU
582,[92680818143],[368101],FEMALE,[76],NEGAHBAN,KOCUBEYOĞLU,[87544296898],ŞEYDEGÜL,BALLI
583,[40964543554],[394455],FEMALE,[27],BİHİRET,BAŞARGAN,[87544296898],ŞEYDEGÜL,BALLI
584,[75793301635],[579408],FEMALE,[56],RAĞIB,KARAKULAK,[75947312415],NUKAY,KILIÇOĞLU
585,[50811310510],[344274],FEMALE,[30],MIRELA,DALYAN CİLO,[85317912160],SEFURİYE,ORHAN
586,[50683920899],[958430],FEMALE,[65],ŞİFEY,KULA,[85317912160],SEFURİYE,ORHAN
587,[58552553879],[424321],FEMALE,[35],MARAR,SARAÇOĞLU ÇEKİÇ,[66350169105],MÜZELFE,ÇINKIR
588,[66396296625],[498698],FEMALE,[70],REYHANER,BÜLBÜL,[78020110113],SABAHİLDİN,CERAN
589,[82748054511],[127679],FEMALE,[50],MAHSİME,YAKAR,[58231004649],KICEY,TURGUT
590,[73887398273],[939430],FEMALE,[52],SALVİZER,SUZAN,[88318643259],MEDİHHA,DADLI
591,[30767617375],[632905],FEMALE,[69],SİYALİ,YALÇİN,[87386471124],SEHRENAZ,DEMİRDAĞ
592,[93837906477],[411521],FEMALE,[57],MAIHBUNE,KARAGÖZ,[67654134959],İKLİMİ,KEŞKEK
593,[17196673428],[155862],FEMALE,[55],BEHİF,BIÇAKÇI,[53133610634],RUBAŞE,SARICA DAROL
594,[13664544592],[441240],FEMALE,[57],SÜNPÜL,NASUHBEYOĞLU,[75947312415],NUKAY,KILIÇOĞLU
595,[70392744987],[137151],FEMALE,[63],HEVERZEMİN,ÇİÇEKBİLEK,[88318643259],MEDİHHA,DADLI
596,[38421350723],[460179],FEMALE,[65],MÜHRÜ,SARAÇOĞLU,[85317912160],SEFURİYE,ORHAN
597,[63413787085],[692432],FEMALE,[51],İULYA,AŞAN,[64261343732],MEHMETSİTTİK,YAKUT
598,[83535268912],[359513],FEMALE,[20],FİDASİYE,BAKAR,[75947312415],NUKAY,KILIÇOĞLU
599,[88596253868],[145378],FEMALE,[30],MEKHİYE,KIRHAN,[93249538144],FATMABANİ,OĞUZ
600,[32872266000],[233965],FEMALE,[41],DOLİTA,YAZAK,[70818556531],EYYİP,SUNGAR
601,[22642812763],[874393],FEMALE,[46],KUDRETULLAH,ERGE,[93249538144],FATMABANİ,OĞUZ
602,[62678363983],[564662],FEMALE,[19],O,BARÇAK,[27239790155],NAİMEE,ESEN
603,[84263287681],[187842],FEMALE,[57],AKŞEKER,TOPRAK,[75947312415],NUKAY,KILIÇOĞLU
604,[40819798685],[902169],FEMALE,[22],LEYLMUN,KISAOĞLU,[16434230806],HASEN,AKTAŞ
605,[53898295083],[220653],FEMALE,[30],TEUTA,KÜÇÜKÖZKAN,[75963590692],NÜRSEMAN,HOŞER
606,[21424435817],[878178],FEMALE,[58],FETTİ,KARAKULAK,[52754891914],ŞİDANİ,İNER KÖKSAL
607,[76623255913],[926192],FEMALE,[63],MÜMÜS,ÖNDER,[53133610634],RUBAŞE,SARICA DAROL
608,[91154958953],[971450],FEMALE,[76],GÜLLER,KENDİRLİ,[87386471124],SEHRENAZ,DEMİRDAĞ
609,[48513691405],[221748],FEMALE,[45],PERVANDE,ALBAY,[87386471124],SEHRENAZ,DEMİRDAĞ
610,[71988879783],[232570],FEMALE,[41],DOLYA,SARIGÜL,[88318643259],MEDİHHA,DADLI
611,[78345863447],[613959],FEMALE,[46],DAPİR,BAHADIR,[85317912160],SEFURİYE,ORHAN
612,[62583407643],[474836],FEMALE,[68],AYNUZELİHA,KÜÇÜKYILDIZ,[26125073818],KEVORG,KURTPINAR
613,[65266071040],[524400],FEMALE,[20],MÜRSANİYE,SÖYLEMEZ,[93249538144],FATMABANİ,OĞUZ
614,[23044685272],[691051],FEMALE,[30],FELEKSİMAN,MORAN,[53133610634],RUBAŞE,SARICA DAROL
615,[78391860764],[503243],FEMALE,[24],İSLAVKA,DİNLER,[93249538144],FATMABANİ,OĞUZ
616,[54620522920],[503303],FEMALE,[77],FATMAŞENAY,ÇİFT,[97575984096],GÜNBAY,AKTAN
617,[69544419406],[408107],FEMALE,[27],BEDEVİN,ERGİNTÜRK ACAR,[93249538144],FATMABANİ,OĞUZ
618,[24305835028],[946207],FEMALE,[45],ŞEVKAR,ERGİNTÜRK ACAR,[70818556531],EYYİP,SUNGAR
619,[63957860094],[672702],FEMALE,[56],NURAYTEN,DOKUMACIOĞLU,[87386471124],SEHRENAZ,DEMİRDAĞ
620,[91559611529],[641659],FEMALE,[77],RÜSMİYE,DEMİRGAN,[52754891914],ŞİDANİ,İNER KÖKSAL
621,[71008387097],[824839],FEMALE,[74],YAZSOLTAN,TEZER,[97575984096],GÜNBAY,AKTAN
622,[95884679998],[348380],FEMALE,[21],NENVARE,ÜNÜŞ,[87544296898],ŞEYDEGÜL,BALLI
623,[92487093429],[255619],FEMALE,[48],TERMİHAN,ERSÖZ,[64261343732],MEHMETSİTTİK,YAKUT
624,[25049524632],[226263],FEMALE,[56],GERMAİSE,YAYIKÇI,[26125073818],KEVORG,KURTPINAR
625,[63368647221],[402190],FEMALE,[32],ŞAKİRA,ÖZTÜRKERİ,[70818556531],EYYİP,SUNGAR
626,[45215081339],[642041],FEMALE,[19],SERHİNAZ,BÜYÜKKAL,[53133610634],RUBAŞE,SARICA DAROL
627,[14736255052],[374760],FEMALE,[62],NUSELLİM,ÜZÜM,[64261343732],MEHMETSİTTİK,YAKUT
628,[86623016914],[288087],FEMALE,[50],NURİS,BİNBOĞA,[88318643259],MEDİHHA,DADLI
629,[17959423560],[714562],FEMALE,[41],LESME,YENİN,[64261343732],MEHMETSİTTİK,YAKUT
630,[38188714943],[659404],FEMALE,[39],NASİHAT,GÜRAKAN,[70818556531],EYYİP,SUNGAR
631,[45561472601],[765972],FEMALE,[38],ARPAGAUS,MURT,[88318643259],MEDİHHA,DADLI
632,[22129776909],[752178],FEMALE,[53],ŞENDUAN,KAYNAK,[64261343732],MEHMETSİTTİK,YAKUT
633,[56750961113],[505204],FEMALE,[44],SEDEYET,AKYILMAZ,[64261343732],MEHMETSİTTİK,YAKUT
634,[60089506734],[169352],FEMALE,[71],METTÜN,BAŞARGAN,[87544296898],ŞEYDEGÜL,BALLI
635,[55396216646],[132917],FEMALE,[23],ŞİHAN,KURTULUŞ,[87544296898],ŞEYDEGÜL,BALLI
636,[36217072180],[240606],FEMALE,[75],SİNSİLE,YACI,[78020110113],SABAHİLDİN,CERAN
637,[17712528001],[458200],FEMALE,[21],ABÜ,SEVİMLİ,[75963590692],NÜRSEMAN,HOŞER
638,[77861631132],[626518],FEMALE,[63],İFRAYYA,EVCİ,[27239790155],NAİMEE,ESEN
639,[28692530878],[859454],FEMALE,[63],NURFİGÜL,TÜFEKÇİ,[88318643259],MEDİHHA,DADLI
640,[34757618580],[412471],FEMALE,[33],SUNOVNA,SİVRİ,[66350169105],MÜZELFE,ÇINKIR
641,[63417781899],[606409],FEMALE,[25],NURFEZA,URUÇ,[16434230806],HASEN,AKTAŞ
642,[52491090315],[742938],FEMALE,[58],NÜFUSİYE,GÖRÜNMEZ,[48334014215],SADURET,ÇELİKTEN
643,[49060984180],[777802],FEMALE,[72],GÜLEİN,PAKÖZ,[66350169105],MÜZELFE,ÇINKIR
644,[86018015607],[630108],FEMALE,[41],GEVŞE,BOSTANKOLU,[97575984096],GÜNBAY,AKTAN
645,[77647535525],[957837],FEMALE,[77],SİSNO,CELİLOĞLU,[67654134959],İKLİMİ,KEŞKEK
646,[19813483356],[656640],FEMALE,[34],HASİLYA,TANRIKULU,[64261343732],MEHMETSİTTİK,YAKUT
647,[70513016730],[492089],FEMALE,[29],MAVAS,CANATAN,[66350169105],MÜZELFE,ÇINKIR
648,[45797961558],[887467],FEMALE,[32],ASİMA,KAŞIKÇI,[93249538144],FATMABANİ,OĞUZ
649,[42236150720],[676168],FEMALE,[29],TOSUN,KAYHAN,[27239790155],NAİMEE,ESEN
650,[34460831348],[103320],FEMALE,[27],ERKEHAN,YAŞAN,[70818556531],EYYİP,SUNGAR
651,[37669721805],[467284],FEMALE,[40],BULDU,ŞENTÜRK,[64261343732],MEHMETSİTTİK,YAKUT
652,[69576842053],[700464],FEMALE,[75],ZERENGİZ,KİREÇÇİ,[58231004649],KICEY,TURGUT
653,[74255050719],[715084],FEMALE,[23],GÖGEM,KANYILMAZ,[88318643259],MEDİHHA,DADLI
654,[86627061400],[114116],FEMALE,[21],RAİGÜL,BEDER,[93249538144],FATMABANİ,OĞUZ
655,[12429855339],[915840],FEMALE,[56],HÜSNİYENUR,KARAMEŞE,[26125073818],KEVORG,KURTPINAR
656,[33585635107],[997571],FEMALE,[29],HERME,BATMAZ,[70818556531],EYYİP,SUNGAR
657,[49429995623],[185584],FEMALE,[70],AYETA,TAŞDELEN,[48334014215],SADURET,ÇELİKTEN
658,[28737065607],[210889],FEMALE,[32],ÜMÜLKESER,BAĞCI,[87386471124],SEHRENAZ,DEMİRDAĞ
659,[37862406331],[279043],FEMALE,[78],FERRUHA,GENÇTÜRK,[85317912160],SEFURİYE,ORHAN
660,[51961040383],[867887],FEMALE,[55],CEVHER,ÜRÜN,[85317912160],SEFURİYE,ORHAN
661,[81899392855],[960569],FEMALE,[78],MÜHÜMET,İMAMOĞLU,[75947312415],NUKAY,KILIÇOĞLU
662,[98070764538],[286117],FEMALE,[54],ENİBE,GÜNEY KOCABAŞ,[52754891914],ŞİDANİ,İNER KÖKSAL
663,[70462976670],[358077],FEMALE,[78],HARZİ,KANIK YÜKSEK,[67654134959],İKLİMİ,KEŞKEK
664,[56837389788],[570113],FEMALE,[32],ALEKSEYEVNA,FİŞEKCİ,[87386471124],SEHRENAZ,DEMİRDAĞ
665,[95536453248],[513845],FEMALE,[44],ASTRİD,ÇOLAK,[75963590692],NÜRSEMAN,HOŞER
666,[16392146166],[794837],FEMALE,[41],ŞİTAYİR,KEVKİR,[27239790155],NAİMEE,ESEN
667,[63215588224],[211319],FEMALE,[54],ŞANGİ,TEKİR,[52754891914],ŞİDANİ,İNER KÖKSAL
668,[86108642358],[344019],FEMALE,[41],DÜNYAGÜZELİ,TOPKARA,[16434230806],HASEN,AKTAŞ
669,[74839276516],[814314],FEMALE,[32],AKKAN,SARAÇOĞLU,[75947312415],NUKAY,KILIÇOĞLU
670,[19934947680],[646757],FEMALE,[61],SEMENUR,KAYKI,[67654134959],İKLİMİ,KEŞKEK
671,[65619255126],[499770],FEMALE,[79],MAHSUL,ÇOLAK,[52754891914],ŞİDANİ,İNER KÖKSAL
672,[15620559993],[560832],FEMALE,[32],MAUZE,UZUNCA,[27239790155],NAİMEE,ESEN
673,[22164086263],[435354],FEMALE,[65],KECİ,AYMAN,[48334014215],SADURET,ÇELİKTEN
674,[28028100228],[187547],FEMALE,[38],HÜCCE,BABADAĞI,[87386471124],SEHRENAZ,DEMİRDAĞ
675,[73062835533],[876094],FEMALE,[48],ARMENİ,ÇAVDAR,[70818556531],EYYİP,SUNGAR
676,[67138548500],[592415],FEMALE,[55],BANİSE,ALTUN,[75947312415],NUKAY,KILIÇOĞLU
677,[61104928175],[399431],FEMALE,[23],REKOŞ,BÖCÜ,[88318643259],MEDİHHA,DADLI
678,[83874853239],[320775],FEMALE,[28],SAYERA,AL,[87544296898],ŞEYDEGÜL,BALLI
679,[47838629089],[178459],FEMALE,[58],MENEVİŞE,KUŞAKÇI,[52754891914],ŞİDANİ,İNER KÖKSAL
680,[47940326270],[724636],FEMALE,[79],ALPERİN,TİLBE,[87544296898],ŞEYDEGÜL,BALLI
681,[40126610680],[370601],FEMALE,[38],KOKEP,KOCA,[87544296898],ŞEYDEGÜL,BALLI
682,[19274486202],[681718],FEMALE,[68],FEDİ,ONUK,[70818556531],EYYİP,SUNGAR
683,[81219522467],[927135],FEMALE,[35],GÜLEDEN,CANDANER,[75947312415],NUKAY,KILIÇOĞLU
684,[66145176472],[442431],FEMALE,[45],VİCDANİYE,YENİLMEZ,[52754891914],ŞİDANİ,İNER KÖKSAL
685,[91084348215],[993347],FEMALE,[63],ĞADİRŞAH,ONRAT,[67654134959],İKLİMİ,KEŞKEK
686,[62939494987],[188897],FEMALE,[53],FİLORİDA,SARICANBAZ,[70818556531],EYYİP,SUNGAR
687,[90234288136],[310394],FEMALE,[27],YAKUFE,EYÜP,[88318643259],MEDİHHA,DADLI
688,[19067142942],[455084],FEMALE,[24],NİKTERİN,ÜNAL,[87386471124],SEHRENAZ,DEMİRDAĞ
689,[86565790328],[689311],FEMALE,[36],TULÛ,GÜLDAMLA,[67654134959],İKLİMİ,KEŞKEK
690,[89642197887],[934915],FEMALE,[44],CORAZON,AZAP,[52754891914],ŞİDANİ,İNER KÖKSAL
691,[38372045557],[644179],FEMALE,[48],AZİZYE,ÖZDOĞAN KAVZOĞLU,[66350169105],MÜZELFE,ÇINKIR
692,[60594906104],[823409],FEMALE,[27],DURSADAF,YARAR,[48334014215],SADURET,ÇELİKTEN
693,[55341117401],[334495],FEMALE,[76],BÜLBÜN,KOCASARAÇ,[67654134959],İKLİMİ,KEŞKEK
694,[16914824890],[242863],FEMALE,[23],GÜLKİREZ,SAVĞA,[87544296898],ŞEYDEGÜL,BALLI
695,[33207349676],[194059],FEMALE,[22],SARFİYE,ARPAT,[52754891914],ŞİDANİ,İNER KÖKSAL
696,[71832920919],[644755],FEMALE,[66],ŞULU,BATMAZ,[53133610634],RUBAŞE,SARICA DAROL
697,[88118776511],[569407],FEMALE,[44],TÜTER,İŞTAR,[85317912160],SEFURİYE,ORHAN
698,[97926409160],[636177],FEMALE,[18],SİFURYE,SARİ,[87544296898],ŞEYDEGÜL,BALLI
699,[55126437489],[886594],FEMALE,[31],SEBİTE,CAF,[52754891914],ŞİDANİ,İNER KÖKSAL
700,[37789179995],[404854],FEMALE,[78],BEHİF,HAKYOL,[52754891914],ŞİDANİ,İNER KÖKSAL
701,[15993314486],[454086],FEMALE,[75],INGRİT,DEMİRGAN,[53133610634],RUBAŞE,SARICA DAROL
702,[91402056239],[493247],FEMALE,[23],ANGENİYE,KARACAN ERŞEKERCİ,[70818556531],EYYİP,SUNGAR
703,[81343812917],[682400],FEMALE,[48],DÖNDÜGÜL,MİRZA,[48334014215],SADURET,ÇELİKTEN
704,[85768718476],[828667],FEMALE,[48],İNCİHAS,METE,[16434230806],HASEN,AKTAŞ
705,[86374906245],[581206],FEMALE,[79],ZİNAYDA,GEDİKLİ,[87544296898],ŞEYDEGÜL,BALLI
706,[66248473019],[394947],FEMALE,[61],AKBİYE,ŞİRİN,[16434230806],HASEN,AKTAŞ
707,[93400127355],[693524],FEMALE,[38],ŞAHINAZI,SOBAY,[87386471124],SEHRENAZ,DEMİRDAĞ
708,[60861416202],[152373],FEMALE,[55],FLUTURA,KALKAN,[64261343732],MEHMETSİTTİK,YAKUT
709,[97568337701],[118538],FEMALE,[68],EKEGÜL,ATAY,[27239790155],NAİMEE,ESEN
710,[94061146125],[938551],FEMALE,[69],RUGUZAN,KOCAMAN,[66350169105],MÜZELFE,ÇINKIR
711,[71671809056],[761459],FEMALE,[63],FAHRUNNİSA,EREL,[88318643259],MEDİHHA,DADLI
712,[41684647813],[454704],FEMALE,[45],JİVANA,BACAK,[66350169105],MÜZELFE,ÇINKIR
713,[44266176510],[977167],FEMALE,[37],GERİBEY,ATAR,[58231004649],KICEY,TURGUT
714,[56355804967],[545029],FEMALE,[40],GAYSE,ÇOBANYILDIZI,[75947312415],NUKAY,KILIÇOĞLU
715,[51511195010],[453183],FEMALE,[54],ŞARUR,BERTAN,[85317912160],SEFURİYE,ORHAN
716,[31959133395],[335569],FEMALE,[43],VASFİYYA,FAKIOĞLU,[53133610634],RUBAŞE,SARICA DAROL
717,[63679248658],[897848],FEMALE,[47],PITIRCIK,SÜNER,[53133610634],RUBAŞE,SARICA DAROL
718,[94821587254],[888479],FEMALE,[38],MESKİYE,SU DUR,[70818556531],EYYİP,SUNGAR
719,[33822073549],[348177],FEMALE,[43],YENGÜL,AKMAN,[87544296898],ŞEYDEGÜL,BALLI
720,[76845524052],[340578],FEMALE,[35],MÜHUBE,GÜRBOSTAN,[53133610634],RUBAŞE,SARICA DAROL
721,[42531455566],[276637],FEMALE,[23],GÜLSAHİR,ÇÖL,[27239790155],NAİMEE,ESEN
722,[70899605376],[790845],FEMALE,[29],BEBEGEVHER,ÖZTÜRKERİ,[52754891914],ŞİDANİ,İNER KÖKSAL
723,[13573070019],[473086],FEMALE,[73],FELİCİTE,KOÇYİĞİT,[27239790155],NAİMEE,ESEN
724,[50232209602],[270229],FEMALE,[36],NEÇİKE,CANİK,[52754891914],ŞİDANİ,İNER KÖKSAL
725,[25667574081],[822790],FEMALE,[79],RUKKİYYE,YÜKSELMİŞ,[75947312415],NUKAY,KILIÇOĞLU
726,[22367140238],[247534],FEMALE,[56],XHEVAHIRE,ÇİFTCİ,[53133610634],RUBAŞE,SARICA DAROL
727,[88559461449],[853565],FEMALE,[23],RUJENA,SEYREKOĞLU,[67654134959],İKLİMİ,KEŞKEK
728,[40697906194],[192258],FEMALE,[59],MAMELİ,KATRAN,[85317912160],SEFURİYE,ORHAN
729,[44519483302],[881456],FEMALE,[69],GÜLEMDEM,SERBEST,[75947312415],NUKAY,KILIÇOĞLU
730,[91845215701],[874912],FEMALE,[75],EKRÜMİYE,SEVÜK,[78020110113],SABAHİLDİN,CERAN
731,[39715181589],[524943],FEMALE,[78],İMAMİRE,GERDAN,[58231004649],KICEY,TURGUT
732,[35472256402],[571989],FEMALE,[58],HAYKANIŞ,HÜSEYNİ,[16434230806],HASEN,AKTAŞ
733,[55842020916],[658856],FEMALE,[20],İLKDAL,YERAL,[88318643259],MEDİHHA,DADLI
734,[26107853663],[310716],FEMALE,[56],KAMARRUH,GAYRETLİ AYDIN,[16434230806],HASEN,AKTAŞ
735,[29155008533],[746480],FEMALE,[67],HYGMETE,EKİCİ,[97575984096],GÜNBAY,AKTAN
736,[20442312559],[202462],FEMALE,[60],KAHET,MAĞATUR,[52754891914],ŞİDANİ,İNER KÖKSAL
737,[32898503890],[351677],FEMALE,[73],LEYMEN,KARCIOĞLU,[97575984096],GÜNBAY,AKTAN
738,[57816840923],[163005],FEMALE,[26],MESUDE,BAYRAKÇI,[67654134959],İKLİMİ,KEŞKEK
739,[67649580438],[658244],FEMALE,[62],YILDOĞAN,BOZKURTER,[16434230806],HASEN,AKTAŞ
740,[97992745916],[624343],FEMALE,[63],ŞEHARE,TENEKECİ,[67654134959],İKLİMİ,KEŞKEK
741,[71944138963],[551102],FEMALE,[76],GÜRFEL,ASOĞLU,[67654134959],İKLİMİ,KEŞKEK
742,[66130263575],[326452],FEMALE,[58],ZULHARA,KARADAVUT,[97575984096],GÜNBAY,AKTAN
743,[82406909809],[461957],FEMALE,[30],IŞINAY,CİMBEK,[64261343732],MEHMETSİTTİK,YAKUT
744,[79554350220],[967987],FEMALE,[22],ALEM,YAKAR,[58231004649],KICEY,TURGUT
745,[40918179642],[370043],FEMALE,[73],HİNDE,BALTA,[88318643259],MEDİHHA,DADLI
746,[34225210168],[743643],FEMALE,[65],MANŞİRE,OKULU,[75947312415],NUKAY,KILIÇOĞLU
747,[40150093873],[829353],FEMALE,[69],NURİSTER,SEMERCİ,[97575984096],GÜNBAY,AKTAN
748,[27872978191],[566518],FEMALE,[46],ŞAHZİLE,DEMİRER,[70818556531],EYYİP,SUNGAR
749,[72172474676],[950547],FEMALE,[79],FAYDIMANA,AKTÜRK,[87544296898],ŞEYDEGÜL,BALLI
750,[55278314827],[737550],FEMALE,[45],HELVAN,GÜMÜŞAY,[75947312415],NUKAY,KILIÇOĞLU
751,[14480360588],[910178],FEMALE,[58],SELİVAY,ARARAT,[97575984096],GÜNBAY,AKTAN
752,[85241694551],[549255],FEMALE,[59],YAŞAMUR,TEMEL,[93249538144],FATMABANİ,OĞUZ
753,[76419159794],[551035],FEMALE,[34],KHADEJA,KORKUT,[87386471124],SEHRENAZ,DEMİRDAĞ
754,[32534844408],[650405],FEMALE,[33],HÜZNİYEGÜL,YURTLU,[87544296898],ŞEYDEGÜL,BALLI
755,[69508990221],[169694],FEMALE,[64],HRASTİNA,DÜZEL,[48334014215],SADURET,ÇELİKTEN
756,[36958431411],[725987],FEMALE,[61],ŞENAHİ,COŞKUN,[58231004649],KICEY,TURGUT
757,[64932520546],[260067],FEMALE,[54],FAYDEN,OKUDAN,[70818556531],EYYİP,SUNGAR
758,[35778290477],[557687],FEMALE,[62],ZETLEMİRE,KARA,[85317912160],SEFURİYE,ORHAN
759,[94557593508],[893437],FEMALE,[56],GÜVENGÜL,ŞENGÜLEROĞLU,[26125073818],KEVORG,KURTPINAR
760,[29164665910],[684974],FEMALE,[44],NIATI,BAKLALI,[85317912160],SEFURİYE,ORHAN
761,[28741465082],[873899],FEMALE,[64],MESKURE,CANACANKATAN,[78020110113],SABAHİLDİN,CERAN
762,[84636740446],[167003],FEMALE,[33],SULLUH,GÜNDOĞDU,[16434230806],HASEN,AKTAŞ
763,[97115352933],[284570],FEMALE,[48],ZİHNUR,ŞİRZAİ,[58231004649],KICEY,TURGUT
764,[43880244604],[641699],FEMALE,[43],UMMUHANGÜL,OCAK,[67654134959],İKLİMİ,KEŞKEK
765,[19282884260],[817697],FEMALE,[74],GOLJAHAN,ATMIŞ,[27239790155],NAİMEE,ESEN
766,[31427444047],[842530],FEMALE,[38],KANİYET,BİLGİÇ,[58231004649],KICEY,TURGUT
767,[98634360941],[207174],FEMALE,[66],ASSELBERGH,SULHAN,[58231004649],KICEY,TURGUT
768,[14249828687],[263657],FEMALE,[76],HÜSNİNİYET,TEHLİ,[87386471124],SEHRENAZ,DEMİRDAĞ
769,[26320764531],[615221],FEMALE,[59],PİROS,YEGİN,[75947312415],NUKAY,KILIÇOĞLU
770,[71918904308],[526152],FEMALE,[65],AZDUHİ,BOZAN,[48334014215],SADURET,ÇELİKTEN
771,[29294329679],[332245],FEMALE,[72],BÜBERRA,YETKİNŞEKERCİ,[66350169105],MÜZELFE,ÇINKIR
772,[28363558962],[967539],FEMALE,[61],BANE,ARTUÇ,[87386471124],SEHRENAZ,DEMİRDAĞ
773,[30946099390],[849322],FEMALE,[30],HÜCÜBİYETE,SANCAR,[78020110113],SABAHİLDİN,CERAN
774,[32099696505],[846342],FEMALE,[39],FATMETÜL,ŞANLIER,[93249538144],FATMABANİ,OĞUZ
775,[47055113623],[894839],FEMALE,[54],AYSHEH,YILDIRIMÇAKAR,[52754891914],ŞİDANİ,İNER KÖKSAL
776,[29608291300],[673588],FEMALE,[49],HINNIS,TÜLÜCE,[85317912160],SEFURİYE,ORHAN
777,[82065336133],[483922],FEMALE,[46],GÜNAHİ,KESKİN,[97575984096],GÜNBAY,AKTAN
778,[77333875822],[273021],FEMALE,[68],AYTTEN,KILAVUZ,[66350169105],MÜZELFE,ÇINKIR
779,[95109321024],[447395],FEMALE,[72],BİTİMİ,ERKURAN,[88318643259],MEDİHHA,DADLI
780,[29572770210],[824293],FEMALE,[40],TÜRKMENGÜL,TANİŞ,[52754891914],ŞİDANİ,İNER KÖKSAL
781,[86382186225],[428985],FEMALE,[53],FEZİLAN,YEŞİLOVA,[27239790155],NAİMEE,ESEN
782,[49876897980],[908539],FEMALE,[59],FENFİAT,ERDOĞMUŞ,[75947312415],NUKAY,KILIÇOĞLU
783,[71899016510],[199734],FEMALE,[69],HULYAN,ÇANKAYA,[75963590692],NÜRSEMAN,HOŞER
784,[43114236346],[102889],FEMALE,[43],HUSİBE,AKOVA,[67654134959],İKLİMİ,KEŞKEK
785,[96326713314],[730080],FEMALE,[54],MUHSİDE,BAŞKAK,[93249538144],FATMABANİ,OĞUZ
786,[93093040008],[731702],FEMALE,[77],AYNSER,ÖZDENOĞLU,[97575984096],GÜNBAY,AKTAN
787,[65332914029],[272807],FEMALE,[66],ESTELA,ALTUNÖZ,[27239790155],NAİMEE,ESEN
788,[91733119635],[229166],FEMALE,[51],NEYASE,ARTUÇ,[70818556531],EYYİP,SUNGAR
789,[96597828161],[570706],FEMALE,[57],KULDERİ,GÖZCÜ,[26125073818],KEVORG,KURTPINAR
790,[17118058563],[754981],FEMALE,[78],GANTAL,KUŞKU,[66350169105],MÜZELFE,ÇINKIR
791,[73804251526],[400646],FEMALE,[65],MELEKEY,AKYÜREK,[70818556531],EYYİP,SUNGAR
792,[97662316149],[385908],FEMALE,[46],GÜLCEHHER,ARGON,[75963590692],NÜRSEMAN,HOŞER
793,[33409301971],[203936],FEMALE,[65],MONUŞAKİ,CEYLAN,[48334014215],SADURET,ÇELİKTEN
794,[61882824556],[401459],FEMALE,[36],RUSTEMİZAT,PIRTI,[78020110113],SABAHİLDİN,CERAN
795,[53903669125],[661043],FEMALE,[21],GERBİ,ÖZKAYA,[27239790155],NAİMEE,ESEN
796,[20475750978],[515639],FEMALE,[50],FİLİSİYE,BİNNETOĞLU,[16434230806],HASEN,AKTAŞ
797,[36356102340],[521207],FEMALE,[29],KERTİŞ,YAĞCIZEYBEK,[78020110113],SABAHİLDİN,CERAN
798,[44755842749],[711510],FEMALE,[53],HATUNYA,TÜREMENOĞULLARI,[75963590692],NÜRSEMAN,HOŞER
799,[64609322977],[759861],FEMALE,[58],ŞAHMET,OMAY,[70818556531],EYYİP,SUNGAR
800,[97774775387],[853804],FEMALE,[69],KALİZE,EMLEK,[75947312415],NUKAY,KILIÇOĞLU
801,[52191894178],[673016],FEMALE,[65],MİZGEN,GÜRER,[93249538144],FATMABANİ,OĞUZ
802,[45084021201],[345480],FEMALE,[63],ŞEHZAHİR,BERTAN,[97575984096],GÜNBAY,AKTAN
803,[31901330644],[445835],FEMALE,[27],HİSNE,BAGLARS,[75963590692],NÜRSEMAN,HOŞER
804,[12558897723],[324873],FEMALE,[51],DURİBA,TALAN,[27239790155],NAİMEE,ESEN
805,[81523560231],[729322],FEMALE,[52],HİRMAR,İNER KÖKSAL,[26125073818],KEVORG,KURTPINAR
806,[72570203778],[144832],FEMALE,[43],ŞİKRO,GÜLSOY,[70818556531],EYYİP,SUNGAR
807,[75509163823],[774579],FEMALE,[64],KEZİHA,KAYABAŞ,[78020110113],SABAHİLDİN,CERAN
808,[36915079648],[190660],FEMALE,[39],MEZRUGA,YAKAR,[93249538144],FATMABANİ,OĞUZ
809,[90973364194],[361793],FEMALE,[25],HAYOS,KAVUKOĞLU,[52754891914],ŞİDANİ,İNER KÖKSAL
810,[58852168031],[302558],FEMALE,[68],MÜNEZZAR,GÜRSOY,[97575984096],GÜNBAY,AKTAN
811,[98316621655],[913666],FEMALE,[52],NHACİYE,CENGİZ,[66350169105],MÜZELFE,ÇINKIR
812,[63968133072],[666719],FEMALE,[60],NURMAHAN,ÇELİKTEN,[52754891914],ŞİDANİ,İNER KÖKSAL
813,[87540434728],[635815],FEMALE,[42],ZELDE,AŞIK,[88318643259],MEDİHHA,DADLI
814,[33586855529],[100620],FEMALE,[30],VUKTA,GÜRAKAN,[75947312415],NUKAY,KILIÇOĞLU
815,[41890398682],[828694],FEMALE,[73],LEMKA,DAĞDELEN,[16434230806],HASEN,AKTAŞ
816,[19014617809],[349334],FEMALE,[46],DERS,ESMERAY,[48334014215],SADURET,ÇELİKTEN
817,[77256714271],[645174],FEMALE,[56],SEVGİŞEN,YUMAK,[78020110113],SABAHİLDİN,CERAN
818,[54536842046],[775489],FEMALE,[18],LEVGİN,ÇETEMEN,[75947312415],NUKAY,KILIÇOĞLU
819,[95257785244],[843759],FEMALE,[75],GÖLÇİÇEK,DORUK,[70818556531],EYYİP,SUNGAR
820,[45143010163],[272659],FEMALE,[21],SAVAR,İNCEOĞLU,[97575984096],GÜNBAY,AKTAN
821,[20741500189],[506679],FEMALE,[66],FEYHİME,KÖSE,[53133610634],RUBAŞE,SARICA DAROL
822,[41763907885],[239581],FEMALE,[35],FERMANİ,ÖZCANLI,[52754891914],ŞİDANİ,İNER KÖKSAL
823,[90970829203],[308671],FEMALE,[52],MUHUBUT,YÜCE,[26125073818],KEVORG,KURTPINAR
824,[86596099317],[936091],FEMALE,[65],GÜLEPRUZ,TURĞUT,[85317912160],SEFURİYE,ORHAN
825,[93175966220],[738268],FEMALE,[58],VESİLAY,AMİROVA UÇAN,[88318643259],MEDİHHA,DADLI
826,[62931514816],[875112],FEMALE,[29],AYSİME,EMET,[27239790155],NAİMEE,ESEN
827,[19566109831],[584009],FEMALE,[71],FESÇÜRE,TUNÇ,[27239790155],NAİMEE,ESEN
828,[43582949229],[242903],FEMALE,[50],NURİGAR,BACAK,[66350169105],MÜZELFE,ÇINKIR
829,[84236793848],[623154],FEMALE,[55],ÜZLÜYE,YÜZBAŞIOĞLU,[75947312415],NUKAY,KILIÇOĞLU
830,[85560026754],[353553],FEMALE,[72],MİHRECAN,CİRİT KOÇER,[70818556531],EYYİP,SUNGAR
831,[91158547466],[489347],FEMALE,[38],HAİCE,MENDEŞ,[78020110113],SABAHİLDİN,CERAN
832,[62436300025],[726415],FEMALE,[74],KOŞNAZ,ULUSOY,[66350169105],MÜZELFE,ÇINKIR
833,[98018258527],[496142],FEMALE,[20],OJENNİ,İŞTAR,[67654134959],İKLİMİ,KEŞKEK
834,[69096299938],[789168],FEMALE,[23],ŞAHRİNAY,BULUÇ,[93249538144],FATMABANİ,OĞUZ
835,[76504025893],[666262],FEMALE,[45],GÜNDEŞLİ,KOÇYİĞİT,[58231004649],KICEY,TURGUT
836,[40476907041],[555284],FEMALE,[59],RUHANGIZ,GÜLEN AKKÜÇÜK,[87544296898],ŞEYDEGÜL,BALLI
837,[60518701108],[428984],FEMALE,[44],KİHİL,PİRİM,[26125073818],KEVORG,KURTPINAR
838,[77571008908],[521104],FEMALE,[29],SÜLKA,SERT,[87544296898],ŞEYDEGÜL,BALLI
839,[22157039262],[193952],FEMALE,[72],AZELE,YURTLU,[27239790155],NAİMEE,ESEN
840,[76574474590],[732782],FEMALE,[52],SUETLA,GÜRBÜZ,[48334014215],SADURET,ÇELİKTEN
841,[73575019498],[846359],FEMALE,[70],NİNELİ,ERYILMAZ,[93249538144],FATMABANİ,OĞUZ
842,[84299562202],[792370],FEMALE,[24],TAHSİNER,YETİZ,[67654134959],İKLİMİ,KEŞKEK
843,[72534066074],[942330],FEMALE,[39],SAHİL,KALEM,[27239790155],NAİMEE,ESEN
844,[25911261201],[140723],FEMALE,[63],NURİLLA,YAZAK,[75963590692],NÜRSEMAN,HOŞER
845,[59322966443],[637673],FEMALE,[47],AYNİLZELİHA,DEMİRBAŞ,[66350169105],MÜZELFE,ÇINKIR
846,[32742130416],[510401],FEMALE,[60],AKIDEİ,YÜCE,[16434230806],HASEN,AKTAŞ
847,[67066834181],[338944],FEMALE,[48],DİLHUN,ŞENCAN,[48334014215],SADURET,ÇELİKTEN
848,[55773485498],[464499],FEMALE,[37],RAFO,KARADUMAN,[75963590692],NÜRSEMAN,HOŞER
849,[93680658664],[138242],FEMALE,[79],ŞEREFNEL,UYGUR,[67654134959],İKLİMİ,KEŞKEK
850,[87634298209],[545338],FEMALE,[42],ŞUHUL,ASLANER,[27239790155],NAİMEE,ESEN
851,[14946035303],[178577],FEMALE,[51],MALLAH,KUYUCU,[75963590692],NÜRSEMAN,HOŞER
852,[20134540520],[779773],FEMALE,[78],NURLİYE,AVLANIR,[88318643259],MEDİHHA,DADLI
853,[46121962483],[586256],FEMALE,[25],VERİZE,ÖZÇAY,[78020110113],SABAHİLDİN,CERAN
854,[76409548002],[529692],FEMALE,[27],PELİ,SAYIN,[53133610634],RUBAŞE,SARICA DAROL
855,[91171659310],[150678],FEMALE,[70],FTMA,SALMAN SEVER,[64261343732],MEHMETSİTTİK,YAKUT
856,[70398838613],[538104],FEMALE,[67],NAMUS,BOSTANKOLU,[75963590692],NÜRSEMAN,HOŞER
857,[46931277644],[766846],FEMALE,[47],ZEYNİLKEDER,DÜZCE,[97575984096],GÜNBAY,AKTAN
858,[51324984935],[740802],FEMALE,[70],MİYYESE,TOKAT,[93249538144],FATMABANİ,OĞUZ
859,[36453268914],[182078],FEMALE,[53],PEVRİME,ÇİFTCİ,[67654134959],İKLİMİ,KEŞKEK
860,[38992418350],[918849],FEMALE,[58],GÜLCİNUR,OKÇU,[67654134959],İKLİMİ,KEŞKEK
861,[79059794721],[739586],FEMALE,[44],NESİPHAN,SAÇLI,[75947312415],NUKAY,KILIÇOĞLU
862,[97731649719],[498736],FEMALE,[47],MATİLDO,ARSLAN KAŞDOĞAN,[58231004649],KICEY,TURGUT
863,[75612809000],[625440],FEMALE,[29],MAHİFİRUZE,MEMETOĞLU,[67654134959],İKLİMİ,KEŞKEK
864,[33416635880],[617531],FEMALE,[43],URŞAN,İLGEN,[70818556531],EYYİP,SUNGAR
865,[84948600906],[368706],FEMALE,[76],SİDOR,ONUK,[48334014215],SADURET,ÇELİKTEN
866,[30274345321],[558778],FEMALE,[75],MOBİNE,KORKUT,[85317912160],SEFURİYE,ORHAN
867,[73996749000],[388184],FEMALE,[42],RÜHİKAR,SİL,[48334014215],SADURET,ÇELİKTEN
868,[81060072243],[479795],FEMALE,[39],İFAKKET,KIZILMEŞE,[64261343732],MEHMETSİTTİK,YAKUT
869,[97075194357],[109037],FEMALE,[32],ELVİSE,GEÇMEN,[64261343732],MEHMETSİTTİK,YAKUT
870,[95375119841],[841522],FEMALE,[39],FİLİZAN,İLERİ,[67654134959],İKLİMİ,KEŞKEK
871,[81891930736],[658972],FEMALE,[41],NAYLEN,KABACAOĞLU,[53133610634],RUBAŞE,SARICA DAROL
872,[90793957724],[493594],FEMALE,[49],KAŞLI,ATLANOĞLU,[78020110113],SABAHİLDİN,CERAN
873,[16232721606],[948281],FEMALE,[70],HERANDİS,MÖNÜR,[87386471124],SEHRENAZ,DEMİRDAĞ
874,[40327551943],[781379],FEMALE,[63],AMBİYA,GÖZCÜ,[70818556531],EYYİP,SUNGAR
875,[43484085502],[864521],FEMALE,[76],MAFİRZE,FİLİZAY,[52754891914],ŞİDANİ,İNER KÖKSAL
876,[84915043943],[784021],FEMALE,[67],NAKVAYA,BİLGE,[53133610634],RUBAŞE,SARICA DAROL
877,[33327876243],[532240],FEMALE,[70],PERİNE,PİŞİRGEN,[26125073818],KEVORG,KURTPINAR
878,[37145884373],[995855],FEMALE,[62],AZEMİNE,YÜKSELMİŞ,[52754891914],ŞİDANİ,İNER KÖKSAL
879,[63018252916],[334805],FEMALE,[63],GÜLBİRİVAN,CAMGÖZ,[67654134959],İKLİMİ,KEŞKEK
880,[42047651257],[117242],FEMALE,[61],KEVKAN,GÖKGÜL,[75947312415],NUKAY,KILIÇOĞLU
881,[73193813874],[883379],FEMALE,[45],MERİNAZ,ULUÖZ,[48334014215],SADURET,ÇELİKTEN
882,[33182203615],[635869],FEMALE,[25],ATFA,SAYYİĞİT,[48334014215],SADURET,ÇELİKTEN
883,[41911887658],[594713],FEMALE,[51],İLFİDE,KARADUMAN,[75963590692],NÜRSEMAN,HOŞER
884,[19080174308],[760072],FEMALE,[59],MELEKLANE,UĞURLU,[52754891914],ŞİDANİ,İNER KÖKSAL
885,[29936703767],[788762],FEMALE,[29],KUDİ,AKAN,[67654134959],İKLİMİ,KEŞKEK
886,[27782163677],[672439],FEMALE,[44],HENSE,ÖZMUK,[48334014215],SADURET,ÇELİKTEN
887,[93285433327],[974394],FEMALE,[28],ETİCE,YILMAZ,[67654134959],İKLİMİ,KEŞKEK
888,[42682661030],[759452],FEMALE,[39],NAHİNDER,KİREÇÇİ,[87544296898],ŞEYDEGÜL,BALLI
889,[88673882831],[175683],FEMALE,[65],MARGHUBA,YILDIRIMÇAKAR,[75963590692],NÜRSEMAN,HOŞER
890,[64035790572],[104966],FEMALE,[29],GÜLSENOYA,YAŞAR,[85317912160],SEFURİYE,ORHAN
891,[20225284123],[803185],FEMALE,[24],BARAAT,BAYRAKTAROĞLU,[27239790155],NAİMEE,ESEN
892,[56876415125],[124773],FEMALE,[41],FERUŞTE,ÖZDAMAR,[58231004649],KICEY,TURGUT
893,[80185215163],[291488],FEMALE,[21],YEKSABET,KAYAALP,[66350169105],MÜZELFE,ÇINKIR
894,[85540268700],[336506],FEMALE,[49],AŞULA,KALYONCU UÇAR,[70818556531],EYYİP,SUNGAR
895,[89945819235],[233428],FEMALE,[55],ÇEMENZAR,CEBECİ,[16434230806],HASEN,AKTAŞ
896,[43387854700],[890717],FEMALE,[76],TÜLÜŞAH,MURT,[75947312415],NUKAY,KILIÇOĞLU
897,[24393092142],[162352],FEMALE,[41],MAHİZEGÜL,BOZOĞLU,[75947312415],NUKAY,KILIÇOĞLU
898,[89695231824],[528688],FEMALE,[20],SIDIĞA,BİLGİN,[64261343732],MEHMETSİTTİK,YAKUT
899,[82264736281],[792815],FEMALE,[24],GÜLFİNAS,KAN,[70818556531],EYYİP,SUNGAR
900,[18851291044],[907219],FEMALE,[61],ZANİBE,SARAÇOĞLU ÇEKİÇ,[70818556531],EYYİP,SUNGAR
901,[33105233657],[123817],FEMALE,[51],BÖRTEGAY,BÜYÜKDOĞAN,[85317912160],SEFURİYE,ORHAN
902,[88435755101],[803540],FEMALE,[38],ABENİZ,SARAÇOĞLU ÇEKİÇ,[27239790155],NAİMEE,ESEN
903,[78929795475],[469432],FEMALE,[48],BAYİNET,BAYAM,[87544296898],ŞEYDEGÜL,BALLI
904,[53135027906],[463731],FEMALE,[63],FRNACERCA,SUMAN,[87544296898],ŞEYDEGÜL,BALLI
905,[76282336680],[490375],FEMALE,[40],ŞAİZE,AKDUMAN,[58231004649],KICEY,TURGUT
906,[64517708339],[466084],FEMALE,[58],ENSAF,BÜYÜK,[27239790155],NAİMEE,ESEN
907,[50313468341],[532342],FEMALE,[65],RAFFE,UÇAR,[48334014215],SADURET,ÇELİKTEN
908,[81344572501],[400524],FEMALE,[24],ŞENERE,GÖRMELİ,[75963590692],NÜRSEMAN,HOŞER
909,[21693228292],[978791],FEMALE,[71],SIRAL,KAYKA,[87544296898],ŞEYDEGÜL,BALLI
910,[86650023609],[970067],FEMALE,[58],GÜLRANA,MİRZA,[75963590692],NÜRSEMAN,HOŞER
911,[67329645463],[277923],FEMALE,[49],MÜFRE,ADANIR,[58231004649],KICEY,TURGUT
912,[30186578455],[549583],FEMALE,[77],MAHFURİZİ,KÜTÜK,[85317912160],SEFURİYE,ORHAN
913,[39876100079],[591848],FEMALE,[73],HATİXHE,BALABAN,[97575984096],GÜNBAY,AKTAN
914,[97817364050],[814508],FEMALE,[77],MAFİ,PAZIR,[66350169105],MÜZELFE,ÇINKIR
915,[29622692027],[113162],FEMALE,[50],GÜLBENAY,ALTUNYAPRAK,[67654134959],İKLİMİ,KEŞKEK
916,[56068065091],[237899],FEMALE,[55],İZEN,AKMEŞE,[53133610634],RUBAŞE,SARICA DAROL
917,[27677284267],[768357],FEMALE,[42],RUKAŞ,YÖNET,[27239790155],NAİMEE,ESEN
918,[61613135642],[103444],FEMALE,[34],ERMAVİNİ,SARIKAYA,[16434230806],HASEN,AKTAŞ
919,[52030995072],[212969],FEMALE,[65],RUKİNAZ,FİLİZ,[87386471124],SEHRENAZ,DEMİRDAĞ
920,[88447236462],[175876],FEMALE,[49],ZÜBED,TAŞMALI,[66350169105],MÜZELFE,ÇINKIR
921,[84002943914],[269154],FEMALE,[42],LOUİZE,ARDIÇ,[85317912160],SEFURİYE,ORHAN
922,[14412228667],[706686],FEMALE,[40],DARDE,UĞURLU,[64261343732],MEHMETSİTTİK,YAKUT
923,[33044095698],[822633],FEMALE,[58],HARSES,KOL,[16434230806],HASEN,AKTAŞ
924,[13659565450],[696255],FEMALE,[36],NEBİHATUN,ÇINKIT,[52754891914],ŞİDANİ,İNER KÖKSAL
925,[96251022985],[208957],FEMALE,[71],FASNO,ZUBAROĞLU,[87386471124],SEHRENAZ,DEMİRDAĞ
926,[31326177693],[365806],FEMALE,[62],FEHİME,KILAÇ,[87386471124],SEHRENAZ,DEMİRDAĞ
927,[30595598052],[278683],FEMALE,[70],KETÖ,SÜLÜK,[93249538144],FATMABANİ,OĞUZ
928,[41312870840],[134459],FEMALE,[74],ŞENNÜR,SOLUK,[70818556531],EYYİP,SUNGAR
929,[86643551145],[303470],FEMALE,[47],RUZİE,AKEL,[88318643259],MEDİHHA,DADLI
930,[54098709460],[163347],FEMALE,[25],ŞELİBARE,BULUÇ,[16434230806],HASEN,AKTAŞ
931,[60965959427],[333437],FEMALE,[20],MUTASIM,SAYIN,[87544296898],ŞEYDEGÜL,BALLI
932,[16602876539],[477711],FEMALE,[71],ANDROMAHİ,İVACIK,[85317912160],SEFURİYE,ORHAN
933,[88407172602],[806804],FEMALE,[41],PEŞA,ALKAÇ,[27239790155],NAİMEE,ESEN
934,[85856717763],[936150],FEMALE,[19],ZEFUR,BABA,[52754891914],ŞİDANİ,İNER KÖKSAL
935,[49309448467],[287843],FEMALE,[45],SAĞIRE,DÜGER,[70818556531],EYYİP,SUNGAR
936,[51301113437],[115174],FEMALE,[79],VADHE,GÖKTEN,[87386471124],SEHRENAZ,DEMİRDAĞ
937,[54353936088],[734707],FEMALE,[44],HUMLAR,AKSAKAL,[85317912160],SEFURİYE,ORHAN
938,[28639707064],[778547],FEMALE,[77],MUZEFFERE,ORHON,[88318643259],MEDİHHA,DADLI
939,[37206965310],[947322],FEMALE,[39],LEYLÜMAN,GÖRKEM,[16434230806],HASEN,AKTAŞ
940,[71775675780],[542482],FEMALE,[19],PAYZEN,BİÇER,[48334014215],SADURET,ÇELİKTEN
941,[90589906527],[161102],FEMALE,[47],BALŞAH,ÜNÜŞ,[58231004649],KICEY,TURGUT
942,[49950647782],[464954],FEMALE,[53],ŞERİYAZ,OCAK,[26125073818],KEVORG,KURTPINAR
943,[43972875366],[189496],FEMALE,[61],LİRA,ARI,[27239790155],NAİMEE,ESEN
944,[19439080441],[489129],FEMALE,[64],BESMEL,KAŞIKÇI,[75947312415],NUKAY,KILIÇOĞLU
945,[91188870852],[888796],FEMALE,[79],EKİL,BOZKURT,[70818556531],EYYİP,SUNGAR
946,[21402087057],[134277],FEMALE,[23],MEBHUT,KARAKUŞ EPÇAÇAN,[27239790155],NAİMEE,ESEN
947,[14696729142],[120357],FEMALE,[19],FEDİLET,ÇAY,[16434230806],HASEN,AKTAŞ
948,[36209726075],[455215],FEMALE,[43],RAİSAD,HODJAOGLU,[58231004649],KICEY,TURGUT
949,[69032229790],[651448],FEMALE,[23],ŞAİKA,ACARBULUT,[97575984096],GÜNBAY,AKTAN
950,[66087004780],[284749],FEMALE,[72],NİLSEZİN,DUMAN,[58231004649],KICEY,TURGUT
951,[58348408384],[858087],FEMALE,[70],KEMANKIZ,TÜREMENOĞULLARI,[75947312415],NUKAY,KILIÇOĞLU
952,[57671358615],[226795],FEMALE,[21],NARUZ,SÜVERAN,[93249538144],FATMABANİ,OĞUZ
953,[72693733121],[422396],FEMALE,[36],NUŞHER,KOÇ,[53133610634],RUBAŞE,SARICA DAROL
954,[25192708460],[211628],FEMALE,[60],SOREYYA,OFLAZOĞLU,[85317912160],SEFURİYE,ORHAN
955,[82939500377],[780461],FEMALE,[69],ZEHRÖ,GÜNDÜZ,[26125073818],KEVORG,KURTPINAR
956,[28829509357],[209933],FEMALE,[18],EZDİKER,KIZANOĞLU,[97575984096],GÜNBAY,AKTAN
957,[98219685958],[292420],FEMALE,[25],HUZÜDİYE,NACAR,[16434230806],HASEN,AKTAŞ
958,[91547223494],[280697],FEMALE,[39],MESİBAN,CAN BORAN,[64261343732],MEHMETSİTTİK,YAKUT
959,[23269625567],[612652],FEMALE,[74],MESERAT,ÖZSOY,[87386471124],SEHRENAZ,DEMİRDAĞ
960,[31496216430],[152489],FEMALE,[55],YILTAN,İŞGÖREN,[70818556531],EYYİP,SUNGAR
961,[53609104281],[952384],FEMALE,[28],FATTOŞ,GÖRMELİ,[16434230806],HASEN,AKTAŞ
962,[19420319014],[984870],FEMALE,[61],MESHARET,İLGEN,[53133610634],RUBAŞE,SARICA DAROL
963,[63063219721],[229210],FEMALE,[35],CERCİ,GÖKÇE,[87544296898],ŞEYDEGÜL,BALLI
964,[55586192273],[231076],FEMALE,[57],LALİPAR,BAŞKAN,[78020110113],SABAHİLDİN,CERAN
965,[37773963426],[291732],FEMALE,[79],FRANCİNA,DEĞİRMENCİ AKAR,[27239790155],NAİMEE,ESEN
966,[53142524009],[149143],FEMALE,[40],GÖYCEKHANIM,ORDULU ŞAHİN,[64261343732],MEHMETSİTTİK,YAKUT
967,[60491118215],[285156],FEMALE,[24],BERHAM,ÖZEN,[75963590692],NÜRSEMAN,HOŞER
968,[85184749624],[670934],FEMALE,[46],NAZLIAYTEN,HANCIOĞLU,[75947312415],NUKAY,KILIÇOĞLU
969,[23916349803],[638894],FEMALE,[61],KARJIEH,KARTAL,[52754891914],ŞİDANİ,İNER KÖKSAL
970,[98259797649],[518502],FEMALE,[49],FARUHBANİ,ESEN,[53133610634],RUBAŞE,SARICA DAROL
971,[68405336696],[261190],FEMALE,[61],SALVİO,SARIGÜL,[66350169105],MÜZELFE,ÇINKIR
972,[20243544854],[170385],FEMALE,[38],ŞEMİDE,KOÇAR,[88318643259],MEDİHHA,DADLI
973,[74339043675],[232953],FEMALE,[69],ŞENVALE,YURDAKÖK,[26125073818],KEVORG,KURTPINAR
974,[60315990318],[150621],FEMALE,[64],BILDIRCIN,YAVAŞİ,[78020110113],SABAHİLDİN,CERAN
975,[24418725214],[300208],FEMALE,[50],MEVNE,İPLİKÇİ,[26125073818],KEVORG,KURTPINAR
976,[67752952864],[360482],FEMALE,[25],HAŞİA,KALIPCI,[93249538144],FATMABANİ,OĞUZ
977,[67184577100],[481090],FEMALE,[49],PELDA,KARAALP,[58231004649],KICEY,TURGUT
978,[42902892929],[621859],FEMALE,[45],STEFANİ,BÜYÜKKALAYCI,[67654134959],İKLİMİ,KEŞKEK
979,[37074930525],[784211],FEMALE,[61],KADERİYE,TAYFUN,[97575984096],GÜNBAY,AKTAN
980,[16668890789],[630971],FEMALE,[25],NECALİYE,ŞENGÜLEROĞLU,[52754891914],ŞİDANİ,İNER KÖKSAL
981,[15093393629],[492120],FEMALE,[57],NEZENİN,ÇEVİKER,[87544296898],ŞEYDEGÜL,BALLI
982,[92245870047],[285561],FEMALE,[51],FAİZİLET,BABADAĞI,[87544296898],ŞEYDEGÜL,BALLI
983,[29825458852],[572936],FEMALE,[54],DAHRE,ŞARLAK,[64261343732],MEHMETSİTTİK,YAKUT
984,[20915583561],[242928],FEMALE,[46],ARAS,MÜEZZİNOĞLU,[97575984096],GÜNBAY,AKTAN
985,[24845262288],[250135],FEMALE,[20],HERMAND,AYDINER,[16434230806],HASEN,AKTAŞ
986,[61906489183],[991676],FEMALE,[64],HANE,BİNNETOĞLU,[66350169105],MÜZELFE,ÇINKIR
987,[39050525892],[627196],FEMALE,[73],GÜLMAHİYE,SAĞ,[64261343732],MEHMETSİTTİK,YAKUT
988,[72843538068],[889873],FEMALE,[49],NEHİT,KÖROĞLU,[16434230806],HASEN,AKTAŞ
989,[27607419507],[511163],FEMALE,[30],İNCİFA,KAYKISIZ,[70818556531],EYYİP,SUNGAR
990,[40261008536],[692993],FEMALE,[55],BAŞO,İZCİ,[27239790155],NAİMEE,ESEN
991,[80706648187],[882149],FEMALE,[21],İRANŞAH,GÜL ÖZMEN,[75947312415],NUKAY,KILIÇOĞLU
992,[50502964669],[679811],FEMALE,[41],SİMENSE,KANIK YÜKSEK,[53133610634],RUBAŞE,SARICA DAROL
993,[92115693996],[941367],FEMALE,[43],KAZYANE,ZENGİN,[75947312415],NUKAY,KILIÇOĞLU
994,[84382359770],[502806],FEMALE,[77],ŞAHRİGÜL,DESTEGÜL,[48334014215],SADURET,ÇELİKTEN
995,[76772205383],[460524],FEMALE,[77],SULPİYE,OLGAÇ,[87386471124],SEHRENAZ,DEMİRDAĞ
996,[16536936542],[526215],FEMALE,[42],KILINÇ,AKEL,[87544296898],ŞEYDEGÜL,BALLI
997,[88526210692],[144995],FEMALE,[63],SAHFİYE,AYKUŞ,[70818556531],EYYİP,SUNGAR
998,[90088598116],[854217],FEMALE,[58],MÜRAVVET,ALBOĞA,[85317912160],SEFURİYE,ORHAN
999,[40014934450],[356196],FEMALE,[75],KOPAR,ALTUNTAŞ,[52754891914],ŞİDANİ,İNER KÖKSAL
